"Date","Open","Low","High","Close"
04-16-2021,"1.1974 ","1.1951 ","1.1994 ","1.1981 "
04-15-2021,"1.1980 ","1.1957 ","1.1992 ","1.1966 "
04-14-2021,"1.1947 ","1.1947 ","1.1987 ","1.1979 "
04-13-2021,"1.1938 ","1.1924 ","1.1955 ","1.1949 "
04-12-2021,"1.1892 ","1.1873 ","1.1918 ","1.1908 "
04-09-2021,"1.1915 ","1.1869 ","1.1920 ","1.1902 "
04-08-2021,"1.1884 ","1.1861 ","1.1926 ","1.1916 "
04-07-2021,"1.1877 ","1.1861 ","1.1915 ","1.1872 "
04-06-2021,"1.1812 ","1.1796 ","1.1877 ","1.1877 "
04-05-2021,"1.1757 ","1.1738 ","1.1819 ","1.1796 "
04-02-2021,"1.1774 ","1.1751 ","1.1785 ","1.1763 "
04-01-2021,"1.1730 ","1.1714 ","1.1779 ","1.1778 "
03-31-2021,"1.1718 ","1.1704 ","1.1756 ","1.1730 "
03-30-2021,"1.1766 ","1.1713 ","1.1774 ","1.1716 "
03-29-2021,"1.1792 ","1.1761 ","1.1793 ","1.1765 "
03-26-2021,"1.1783 ","1.1779 ","1.1804 ","1.1792 "
03-25-2021,"1.1813 ","1.1803 ","1.1838 ","1.1816 "
03-24-2021,"1.1851 ","1.1810 ","1.1853 ","1.1812 "
03-23-2021,"1.1931 ","1.1842 ","1.1940 ","1.1850 "
03-22-2021,"1.1877 ","1.1875 ","1.1946 ","1.1933 "
03-19-2021,"1.1914 ","1.1875 ","1.1936 ","1.1903 "
03-18-2021,"1.1979 ","1.1907 ","1.1988 ","1.1916 "
03-17-2021,"1.1910 ","1.1871 ","1.1984 ","1.1979 "
03-16-2021,"1.1951 ","1.1884 ","1.1952 ","1.1903 "
03-15-2021,"1.1948 ","1.1912 ","1.1965 ","1.1930 "
03-12-2021,"1.1970 ","1.1910 ","1.1988 ","1.1960 "
03-11-2021,"1.1929 ","1.1916 ","1.1990 ","1.1989 "
03-10-2021,"1.1900 ","1.1869 ","1.1927 ","1.1927 "
03-09-2021,"1.1856 ","1.1837 ","1.1914 ","1.1901 "
03-08-2021,"1.1919 ","1.1845 ","1.1931 ","1.1845 "
03-05-2021,"1.1969 ","1.1896 ","1.1978 ","1.1917 "
03-04-2021,"1.2067 ","1.1963 ","1.2067 ","1.1970 "
03-03-2021,"1.2094 ","1.2044 ","1.2112 ","1.2062 "
03-02-2021,"1.2048 ","1.1993 ","1.2094 ","1.2090 "
03-01-2021,"1.2070 ","1.2030 ","1.2101 ","1.2045 "
02-26-2021,"1.2176 ","1.2064 ","1.2184 ","1.2064 "
02-25-2021,"1.2171 ","1.2156 ","1.2242 ","1.2163 "
02-24-2021,"1.2152 ","1.2110 ","1.2174 ","1.2167 "
02-23-2021,"1.2156 ","1.2135 ","1.2178 ","1.2147 "
02-22-2021,"1.2116 ","1.2092 ","1.2169 ","1.2152 "
02-19-2021,"1.2091 ","1.2083 ","1.2144 ","1.2117 "
02-18-2021,"1.2041 ","1.2036 ","1.2093 ","1.2092 "
02-17-2021,"1.2107 ","1.2024 ","1.2110 ","1.2042 "
02-16-2021,"1.2130 ","1.2097 ","1.2169 ","1.2112 "
02-15-2021,"1.2128 ","1.2117 ","1.2145 ","1.2131 "
02-12-2021,"1.2129 ","1.2082 ","1.2136 ","1.2118 "
02-11-2021,"1.2141 ","1.2114 ","1.2148 ","1.2133 "
02-10-2021,"1.2115 ","1.2110 ","1.2144 ","1.2120 "
02-09-2021,"1.2049 ","1.2048 ","1.2120 ","1.2117 "
02-08-2021,"1.2040 ","1.2021 ","1.2064 ","1.2052 "
02-05-2021,"1.1950 ","1.1950 ","1.2050 ","1.2049 "
02-03-2021,"1.2043 ","1.2006 ","1.2050 ","1.2033 "
02-02-2021,"1.2062 ","1.2012 ","1.2087 ","1.2036 "
02-01-2021,"1.2133 ","1.2057 ","1.2135 ","1.2057 "
01-29-2021,"1.2123 ","1.2095 ","1.2155 ","1.2135 "
01-28-2021,"1.2110 ","1.2083 ","1.2141 ","1.2126 "
01-26-2021,"1.2139 ","1.2108 ","1.2175 ","1.2167 "
01-25-2021,"1.2166 ","1.2116 ","1.2183 ","1.2142 "
01-22-2021,"1.2160 ","1.2152 ","1.2187 ","1.2168 "
01-21-2021,"1.2112 ","1.2104 ","1.2170 ","1.2169 "
01-20-2021,"1.2130 ","1.2077 ","1.2157 ","1.2107 "
01-19-2021,"1.2079 ","1.2075 ","1.2144 ","1.2127 "
01-18-2021,"1.2085 ","1.2055 ","1.2086 ","1.2077 "
01-15-2021,"1.2155 ","1.2077 ","1.2162 ","1.2078 "
01-14-2021,"1.2157 ","1.2112 ","1.2176 ","1.2165 "
01-13-2021,"1.2207 ","1.2142 ","1.2222 ","1.2156 "
01-12-2021,"1.2150 ","1.2139 ","1.2208 ","1.2206 "
01-11-2021,"1.2216 ","1.2134 ","1.2229 ","1.2154 "
01-08-2021,"1.2282 ","1.2194 ","1.2282 ","1.2226 "
01-07-2021,"1.2326 ","1.2245 ","1.2344 ","1.2266 "
01-06-2021,"1.2300 ","1.2269 ","1.2349 ","1.2324 "
01-05-2021,"1.2246 ","1.2246 ","1.2304 ","1.2294 "
01-04-2021,"1.2243 ","1.2232 ","1.2307 ","1.2249 "
12-31-2020,"1.2299 ","1.2210 ","1.2309 ","1.2216 "
12-30-2020,"1.2251 ","1.2249 ","1.2310 ","1.2292 "
12-29-2020,"1.2214 ","1.2208 ","1.2275 ","1.2250 "
12-28-2020,"1.2191 ","1.2182 ","1.2250 ","1.2214 "
12-25-2020,"1.2186 ","1.2173 ","1.2226 ","1.2192 "
12-24-2020,"1.2187 ","1.2179 ","1.2216 ","1.2184 "
12-23-2020,"1.2157 ","1.2157 ","1.2219 ","1.2195 "
12-22-2020,"1.2243 ","1.2153 ","1.2256 ","1.2157 "
12-21-2020,"1.2223 ","1.2131 ","1.2252 ","1.2232 "
12-18-2020,"1.2268 ","1.2226 ","1.2271 ","1.2248 "
12-17-2020,"1.2196 ","1.2192 ","1.2273 ","1.2263 "
12-16-2020,"1.2179 ","1.2127 ","1.2211 ","1.2184 "
12-15-2020,"1.2142 ","1.2127 ","1.2168 ","1.2161 "
12-14-2020,"1.2137 ","1.2116 ","1.2175 ","1.2148 "
12-11-2020,"1.2136 ","1.2107 ","1.2162 ","1.2118 "
12-10-2020,"1.2080 ","1.2076 ","1.2157 ","1.2143 "
12-09-2020,"1.2105 ","1.2060 ","1.2147 ","1.2080 "
12-08-2020,"1.2108 ","1.2096 ","1.2133 ","1.2107 "
12-07-2020,"1.2132 ","1.2080 ","1.2162 ","1.2108 "
12-04-2020,"1.2148 ","1.2113 ","1.2176 ","1.2127 "
12-03-2020,"1.2114 ","1.2102 ","1.2174 ","1.2146 "
12-02-2020,"1.2069 ","1.2041 ","1.2108 ","1.2102 "
12-01-2020,"1.1927 ","1.1927 ","1.2073 ","1.2072 "
11-30-2020,"1.1962 ","1.1928 ","1.2003 ","1.1928 "
11-27-2020,"1.1913 ","1.1908 ","1.1965 ","1.1960 "
11-26-2020,"1.1914 ","1.1887 ","1.1941 ","1.1912 "
11-25-2020,"1.1892 ","1.1882 ","1.1929 ","1.1924 "
11-24-2020,"1.1841 ","1.1836 ","1.1894 ","1.1892 "
11-23-2020,"1.1855 ","1.1801 ","1.1906 ","1.1839 "
11-20-2020,"1.1875 ","1.1851 ","1.1890 ","1.1858 "
11-19-2020,"1.1857 ","1.1818 ","1.1880 ","1.1879 "
11-18-2020,"1.1863 ","1.1851 ","1.1890 ","1.1853 "
11-17-2020,"1.1854 ","1.1844 ","1.1894 ","1.1866 "
11-16-2020,"1.1840 ","1.1806 ","1.1868 ","1.1852 "
11-13-2020,"1.1806 ","1.1800 ","1.1835 ","1.1833 "
11-12-2020,"1.1777 ","1.1759 ","1.1822 ","1.1807 "
11-11-2020,"1.1813 ","1.1747 ","1.1832 ","1.1780 "
11-10-2020,"1.1813 ","1.1781 ","1.1842 ","1.1806 "
11-09-2020,"1.1889 ","1.1796 ","1.1919 ","1.1812 "
11-06-2020,"1.1828 ","1.1797 ","1.1891 ","1.1879 "
11-05-2020,"1.1725 ","1.1712 ","1.1860 ","1.1826 "
11-04-2020,"1.1717 ","1.1605 ","1.1769 ","1.1716 "
11-03-2020,"1.1642 ","1.1634 ","1.1739 ","1.1702 "
11-02-2020,"1.1650 ","1.1623 ","1.1655 ","1.1638 "
10-30-2020,"1.1673 ","1.1641 ","1.1703 ","1.1646 "
10-29-2020,"1.1746 ","1.1650 ","1.1758 ","1.1673 "
10-28-2020,"1.1795 ","1.1718 ","1.1795 ","1.1746 "
10-27-2020,"1.1811 ","1.1793 ","1.1837 ","1.1795 "
10-26-2020,"1.1855 ","1.1803 ","1.1859 ","1.1809 "
10-23-2020,"1.1820 ","1.1787 ","1.1864 ","1.1861 "
10-22-2020,"1.1860 ","1.1815 ","1.1866 ","1.1818 "
10-21-2020,"1.1822 ","1.1822 ","1.1880 ","1.1861 "
10-20-2020,"1.1768 ","1.1762 ","1.1840 ","1.1822 "
10-19-2020,"1.1717 ","1.1704 ","1.1793 ","1.1770 "
10-16-2020,"1.1707 ","1.1694 ","1.1744 ","1.1716 "
10-15-2020,"1.1748 ","1.1689 ","1.1757 ","1.1707 "
10-14-2020,"1.1746 ","1.1721 ","1.1769 ","1.1746 "
10-13-2020,"1.1812 ","1.1731 ","1.1816 ","1.1745 "
10-12-2020,"1.1816 ","1.1788 ","1.1827 ","1.1812 "
10-09-2020,"1.1758 ","1.1754 ","1.1829 ","1.1828 "
10-08-2020,"1.1765 ","1.1733 ","1.1780 ","1.1761 "
10-07-2020,"1.1736 ","1.1725 ","1.1781 ","1.1764 "
10-06-2020,"1.1783 ","1.1733 ","1.1806 ","1.1734 "
10-05-2020,"1.1716 ","1.1710 ","1.1796 ","1.1785 "
10-02-2020,"1.1746 ","1.1698 ","1.1747 ","1.1717 "
10-01-2020,"1.1722 ","1.1718 ","1.1769 ","1.1746 "
09-30-2020,"1.1743 ","1.1686 ","1.1755 ","1.1721 "
09-29-2020,"1.1666 ","1.1662 ","1.1745 ","1.1743 "
09-28-2020,"1.1625 ","1.1616 ","1.1671 ","1.1666 "
09-25-2020,"1.1670 ","1.1613 ","1.1683 ","1.1631 "
09-24-2020,"1.1674 ","1.1627 ","1.1687 ","1.1668 "
09-23-2020,"1.1712 ","1.1653 ","1.1718 ","1.1660 "
09-22-2020,"1.1771 ","1.1693 ","1.1774 ","1.1708 "
09-21-2020,"1.1848 ","1.1732 ","1.1871 ","1.1772 "
09-18-2020,"1.1847 ","1.1831 ","1.1869 ","1.1844 "
09-17-2020,"1.1816 ","1.1744 ","1.1852 ","1.1848 "
09-16-2020,"1.1846 ","1.1791 ","1.1881 ","1.1817 "
09-15-2020,"1.1889 ","1.1840 ","1.1899 ","1.1846 "
09-14-2020,"1.1837 ","1.1833 ","1.1887 ","1.1864 "
09-11-2020,"1.1813 ","1.1812 ","1.1873 ","1.1844 "
09-10-2020,"1.1793 ","1.1793 ","1.1914 ","1.1815 "
09-09-2020,"1.1774 ","1.1753 ","1.1830 ","1.1803 "
09-08-2020,"1.1815 ","1.1766 ","1.1827 ","1.1778 "
09-07-2020,"1.1850 ","1.1812 ","1.1850 ","1.1817 "
09-04-2020,"1.1825 ","1.1781 ","1.1864 ","1.1838 "
09-03-2020,"1.1856 ","1.1789 ","1.1864 ","1.1852 "
09-02-2020,"1.1914 ","1.1824 ","1.1929 ","1.1855 "
09-01-2020,"1.1941 ","1.1902 ","1.2007 ","1.1912 "
08-31-2020,"1.1905 ","1.1885 ","1.1963 ","1.1937 "
08-28-2020,"1.1821 ","1.1812 ","1.1919 ","1.1903 "
08-27-2020,"1.1828 ","1.1767 ","1.1898 ","1.1822 "
08-26-2020,"1.1834 ","1.1775 ","1.1839 ","1.1830 "
08-25-2020,"1.1789 ","1.1785 ","1.1842 ","1.1834 "
08-24-2020,"1.1697 ","1.1697 ","1.1849 ","1.1788 "
08-21-2020,"1.1835 ","1.1755 ","1.1882 ","1.1795 "
08-20-2020,"1.1838 ","1.1804 ","1.1869 ","1.1860 "
08-19-2020,"1.1941 ","1.1833 ","1.1952 ","1.1838 "
08-18-2020,"1.1866 ","1.1866 ","1.1965 ","1.1931 "
08-17-2020,"1.1841 ","1.1830 ","1.1881 ","1.1871 "
08-14-2020,"1.1819 ","1.1784 ","1.1850 ","1.1839 "
08-13-2020,"1.1787 ","1.1780 ","1.1862 ","1.1814 "
08-12-2020,"1.1740 ","1.1712 ","1.1814 ","1.1785 "
08-11-2020,"1.1761 ","1.1723 ","1.1803 ","1.1740 "
08-10-2020,"1.1786 ","1.1736 ","1.1799 ","1.1737 "
08-07-2020,"1.1876 ","1.1756 ","1.1906 ","1.1785 "
08-06-2020,"1.1876 ","1.1821 ","1.1911 ","1.1877 "
08-05-2020,"1.1793 ","1.1793 ","1.1904 ","1.1864 "
08-04-2020,"1.1762 ","1.1724 ","1.1804 ","1.1803 "
08-03-2020,"1.1774 ","1.1701 ","1.1796 ","1.1762 "
07-31-2020,"1.1847 ","1.1766 ","1.1906 ","1.1774 "
07-30-2020,"1.1791 ","1.1732 ","1.1848 ","1.1847 "
07-29-2020,"1.1716 ","1.1714 ","1.1804 ","1.1792 "
07-28-2020,"1.1750 ","1.1701 ","1.1773 ","1.1717 "
07-27-2020,"1.1646 ","1.1643 ","1.1778 ","1.1751 "
07-24-2020,"1.1622 ","1.1582 ","1.1657 ","1.1655 "
07-23-2020,"1.1599 ","1.1542 ","1.1626 ","1.1597 "
07-22-2020,"1.1514 ","1.1514 ","1.1600 ","1.1571 "
07-21-2020,"1.1447 ","1.1426 ","1.1540 ","1.1527 "
07-20-2020,"1.1448 ","1.1447 ","1.1449 ","1.1448 "
07-17-2020,"1.1385 ","1.1377 ","1.1443 ","1.1437 "
07-16-2020,"1.1409 ","1.1371 ","1.1440 ","1.1383 "
07-15-2020,"1.1398 ","1.1392 ","1.1452 ","1.1412 "
07-14-2020,"1.1342 ","1.1326 ","1.1409 ","1.1400 "
07-13-2020,"1.1306 ","1.1301 ","1.1375 ","1.1343 "
07-10-2020,"1.1285 ","1.1255 ","1.1324 ","1.1298 "
07-09-2020,"1.1330 ","1.1281 ","1.1370 ","1.1285 "
07-08-2020,"1.1277 ","1.1263 ","1.1349 ","1.1330 "
07-07-2020,"1.1309 ","1.1260 ","1.1331 ","1.1275 "
07-06-2020,"1.1244 ","1.1244 ","1.1345 ","1.1308 "
07-03-2020,"1.1237 ","1.1220 ","1.1252 ","1.1251 "
07-02-2020,"1.1252 ","1.1225 ","1.1303 ","1.1239 "
07-01-2020,"1.1234 ","1.1189 ","1.1274 ","1.1252 "
06-30-2020,"1.1242 ","1.1191 ","1.1261 ","1.1233 "
06-29-2020,"1.1222 ","1.1219 ","1.1288 ","1.1242 "
06-26-2020,"1.1218 ","1.1197 ","1.1239 ","1.1221 "
06-25-2020,"1.1252 ","1.1192 ","1.1259 ","1.1217 "
06-24-2020,"1.1308 ","1.1249 ","1.1325 ","1.1251 "
06-23-2020,"1.1262 ","1.1234 ","1.1349 ","1.1309 "
06-22-2020,"1.1186 ","1.1169 ","1.1269 ","1.1262 "
06-19-2020,"1.1205 ","1.1169 ","1.1252 ","1.1174 "
06-18-2020,"1.1244 ","1.1186 ","1.1261 ","1.1205 "
06-17-2020,"1.1264 ","1.1210 ","1.1294 ","1.1244 "
06-16-2020,"1.1325 ","1.1230 ","1.1353 ","1.1263 "
06-15-2020,"1.1236 ","1.1228 ","1.1332 ","1.1323 "
06-12-2020,"1.1295 ","1.1213 ","1.1339 ","1.1254 "
06-11-2020,"1.1374 ","1.1289 ","1.1400 ","1.1298 "
06-10-2020,"1.1342 ","1.1332 ","1.1422 ","1.1375 "
06-09-2020,"1.1296 ","1.1243 ","1.1364 ","1.1338 "
06-08-2020,"1.1295 ","1.1269 ","1.1319 ","1.1294 "
06-05-2020,"1.1338 ","1.1279 ","1.1384 ","1.1287 "
06-04-2020,"1.1233 ","1.1195 ","1.1361 ","1.1337 "
06-03-2020,"1.1171 ","1.1167 ","1.1251 ","1.1234 "
06-02-2020,"1.1135 ","1.1116 ","1.1195 ","1.1170 "
06-01-2020,"1.1119 ","1.1101 ","1.1151 ","1.1136 "
05-29-2020,"1.1072 ","1.1070 ","1.1145 ","1.1106 "
05-28-2020,"1.1003 ","1.0993 ","1.1093 ","1.1078 "
05-27-2020,"1.0983 ","1.0936 ","1.1029 ","1.1009 "
05-26-2020,"1.0897 ","1.0893 ","1.0996 ","1.0982 "
05-25-2020,"1.0896 ","1.0871 ","1.0914 ","1.0897 "
05-22-2020,"1.0950 ","1.0886 ","1.0954 ","1.0903 "
05-21-2020,"1.0979 ","1.0940 ","1.1008 ","1.0950 "
05-20-2020,"1.0923 ","1.0919 ","1.0999 ","1.0979 "
05-19-2020,"1.0917 ","1.0903 ","1.0976 ","1.0924 "
05-18-2020,"1.0811 ","1.0800 ","1.0925 ","1.0916 "
05-15-2020,"1.0806 ","1.0790 ","1.0848 ","1.0818 "
05-14-2020,"1.0818 ","1.0776 ","1.0824 ","1.0805 "
05-13-2020,"1.0848 ","1.0812 ","1.0891 ","1.0818 "
05-12-2020,"1.0807 ","1.0785 ","1.0884 ","1.0848 "
05-11-2020,"1.0825 ","1.0804 ","1.0850 ","1.0807 "
05-08-2020,"1.0833 ","1.0817 ","1.0875 ","1.0838 "
05-07-2020,"1.0794 ","1.0768 ","1.0834 ","1.0834 "
05-06-2020,"1.0841 ","1.0782 ","1.0846 ","1.0796 "
05-05-2020,"1.0907 ","1.0834 ","1.0915 ","1.0837 "
05-04-2020,"1.0971 ","1.0896 ","1.0974 ","1.0904 "
05-01-2020,"1.0955 ","1.0935 ","1.1016 ","1.0980 "
04-30-2020,"1.0873 ","1.0836 ","1.0965 ","1.0952 "
04-29-2020,"1.0820 ","1.0818 ","1.0885 ","1.0874 "
04-28-2020,"1.0831 ","1.0810 ","1.0888 ","1.0819 "
04-27-2020,"1.0823 ","1.0811 ","1.0860 ","1.0829 "
04-24-2020,"1.0778 ","1.0728 ","1.0819 ","1.0817 "
04-23-2020,"1.0823 ","1.0757 ","1.0840 ","1.0777 "
04-22-2020,"1.0858 ","1.0804 ","1.0883 ","1.0823 "
04-21-2020,"1.0862 ","1.0819 ","1.0879 ","1.0858 "
04-20-2020,"1.0870 ","1.0842 ","1.0896 ","1.0863 "
04-17-2020,"1.0839 ","1.0813 ","1.0891 ","1.0874 "
04-16-2020,"1.0910 ","1.0817 ","1.0911 ","1.0839 "
04-15-2020,"1.0979 ","1.0858 ","1.0990 ","1.0909 "
04-14-2020,"1.0913 ","1.0905 ","1.0986 ","1.0981 "
04-13-2020,"1.0946 ","1.0894 ","1.0967 ","1.0909 "
04-10-2020,"1.0930 ","1.0920 ","1.0952 ","1.0938 "
04-09-2020,"1.0857 ","1.0841 ","1.0952 ","1.0929 "
04-08-2020,"1.0892 ","1.0832 ","1.0901 ","1.0854 "
04-07-2020,"1.0793 ","1.0785 ","1.0923 ","1.0892 "
04-06-2020,"1.0814 ","1.0770 ","1.0835 ","1.0793 "
04-03-2020,"1.0858 ","1.0776 ","1.0862 ","1.0808 "
04-02-2020,"1.0965 ","1.0822 ","1.0968 ","1.0858 "
04-01-2020,"1.1034 ","1.0904 ","1.1038 ","1.0964 "
03-31-2020,"1.1048 ","1.0929 ","1.1051 ","1.1031 "
03-30-2020,"1.1119 ","1.1012 ","1.1144 ","1.1045 "
03-27-2020,"1.1030 ","1.0957 ","1.1146 ","1.1134 "
03-26-2020,"1.0881 ","1.0871 ","1.1058 ","1.1032 "
03-25-2020,"1.0786 ","1.0766 ","1.0894 ","1.0882 "
03-24-2020,"1.0722 ","1.0722 ","1.0887 ","1.0788 "
03-23-2020,"1.0708 ","1.0639 ","1.0827 ","1.0728 "
03-20-2020,"1.0692 ","1.0638 ","1.0830 ","1.0696 "
03-19-2020,"1.0905 ","1.0656 ","1.0978 ","1.0692 "
03-18-2020,"1.0997 ","1.0803 ","1.1045 ","1.0914 "
03-17-2020,"1.1184 ","1.0958 ","1.1189 ","1.0999 "
03-16-2020,"1.1107 ","1.1088 ","1.1236 ","1.1181 "
03-13-2020,"1.1186 ","1.1056 ","1.1220 ","1.1109 "
03-12-2020,"1.1270 ","1.1062 ","1.1333 ","1.1185 "
03-11-2020,"1.1279 ","1.1260 ","1.1365 ","1.1271 "
03-10-2020,"1.1427 ","1.1278 ","1.1459 ","1.1282 "
03-09-2020,"1.1348 ","1.1337 ","1.1483 ","1.1452 "
03-06-2020,"1.1241 ","1.1214 ","1.1353 ","1.1306 "
03-05-2020,"1.1136 ","1.1122 ","1.1228 ","1.1228 "
03-04-2020,"1.1173 ","1.1097 ","1.1185 ","1.1136 "
03-03-2020,"1.1133 ","1.1098 ","1.1206 ","1.1181 "
03-02-2020,"1.1046 ","1.1037 ","1.1183 ","1.1135 "
02-28-2020,"1.1001 ","1.0953 ","1.1052 ","1.1038 "
02-27-2020,"1.0884 ","1.0879 ","1.1005 ","1.0993 "
02-26-2020,"1.0882 ","1.0856 ","1.0903 ","1.0885 "
02-25-2020,"1.0853 ","1.0831 ","1.0889 ","1.0883 "
02-24-2020,"1.0823 ","1.0808 ","1.0872 ","1.0853 "
02-21-2020,"1.0785 ","1.0785 ","1.0863 ","1.0849 "
02-20-2020,"1.0805 ","1.0780 ","1.0821 ","1.0790 "
02-19-2020,"1.0792 ","1.0783 ","1.0810 ","1.0810 "
02-18-2020,"1.0836 ","1.0787 ","1.0838 ","1.0796 "
02-17-2020,"1.0841 ","1.0829 ","1.0850 ","1.0833 "
02-14-2020,"1.0843 ","1.0830 ","1.0861 ","1.0837 "
02-13-2020,"1.0874 ","1.0836 ","1.0889 ","1.0842 "
02-12-2020,"1.0916 ","1.0866 ","1.0926 ","1.0875 "
02-11-2020,"1.0911 ","1.0894 ","1.0924 ","1.0920 "
02-10-2020,"1.0943 ","1.0909 ","1.0958 ","1.0912 "
02-07-2020,"1.0981 ","1.0942 ","1.0985 ","1.0947 "
02-06-2020,"1.0999 ","1.0965 ","1.1011 ","1.0979 "
02-05-2020,"1.1044 ","1.0994 ","1.1047 ","1.0998 "
02-04-2020,"1.1059 ","1.1033 ","1.1064 ","1.1044 "
02-03-2020,"1.1094 ","1.1041 ","1.1094 ","1.1058 "
01-31-2020,"1.1031 ","1.1017 ","1.1091 ","1.1090 "
01-30-2020,"1.1007 ","1.1007 ","1.1038 ","1.1032 "
01-29-2020,"1.1023 ","1.0993 ","1.1027 ","1.1007 "
01-28-2020,"1.1019 ","1.0999 ","1.1025 ","1.1022 "
01-27-2020,"1.1032 ","1.1010 ","1.1037 ","1.1017 "
01-24-2020,"1.1054 ","1.1020 ","1.1060 ","1.1028 "
01-23-2020,"1.1093 ","1.1037 ","1.1106 ","1.1056 "
01-22-2020,"1.1083 ","1.1071 ","1.1096 ","1.1093 "
01-21-2020,"1.1094 ","1.1086 ","1.1118 ","1.1087 "
01-20-2020,"1.1093 ","1.1077 ","1.1102 ","1.1098 "
01-17-2020,"1.1136 ","1.1087 ","1.1142 ","1.1093 "
01-16-2020,"1.1150 ","1.1129 ","1.1171 ","1.1138 "
01-15-2020,"1.1129 ","1.1120 ","1.1163 ","1.1152 "
01-14-2020,"1.1134 ","1.1105 ","1.1144 ","1.1128 "
01-13-2020,"1.1119 ","1.1113 ","1.1146 ","1.1138 "
01-10-2020,"1.1105 ","1.1087 ","1.1129 ","1.1121 "
01-09-2020,"1.1105 ","1.1093 ","1.1120 ","1.1106 "
01-08-2020,"1.1152 ","1.1109 ","1.1167 ","1.1112 "
01-07-2020,"1.1194 ","1.1134 ","1.1197 ","1.1144 "
01-06-2020,"1.1168 ","1.1157 ","1.1205 ","1.1193 "
01-03-2020,"1.1172 ","1.1125 ","1.1180 ","1.1162 "
01-02-2020,"1.1214 ","1.1164 ","1.1225 ","1.1169 "
12-31-2019,"1.1199 ","1.1199 ","1.1239 ","1.1233 "
12-30-2019,"1.1178 ","1.1173 ","1.1220 ","1.1198 "
12-27-2019,"1.1098 ","1.1096 ","1.1187 ","1.1176 "
12-26-2019,"1.1091 ","1.1083 ","1.1109 ","1.1103 "
12-25-2019,"1.1086 ","1.1074 ","1.1089 ","1.1084 "
12-24-2019,"1.1089 ","1.1070 ","1.1094 ","1.1086 "
12-23-2019,"1.1082 ","1.1070 ","1.1095 ","1.1092 "
12-20-2019,"1.1122 ","1.1067 ","1.1125 ","1.1077 "
12-19-2019,"1.1113 ","1.1108 ","1.1144 ","1.1124 "
12-18-2019,"1.1150 ","1.1111 ","1.1154 ","1.1119 "
12-17-2019,"1.1154 ","1.1130 ","1.1174 ","1.1146 "
12-16-2019,"1.1130 ","1.1123 ","1.1157 ","1.1144 "
12-13-2019,"1.1150 ","1.1112 ","1.1198 ","1.1117 "
12-12-2019,"1.1130 ","1.1105 ","1.1154 ","1.1132 "
12-11-2019,"1.1089 ","1.1071 ","1.1144 ","1.1139 "
12-10-2019,"1.1064 ","1.1063 ","1.1097 ","1.1096 "
12-09-2019,"1.1059 ","1.1054 ","1.1078 ","1.1065 "
12-06-2019,"1.1104 ","1.1040 ","1.1109 ","1.1060 "
12-05-2019,"1.1078 ","1.1078 ","1.1108 ","1.1102 "
12-04-2019,"1.1082 ","1.1067 ","1.1112 ","1.1079 "
12-03-2019,"1.1079 ","1.1066 ","1.1093 ","1.1081 "
12-02-2019,"1.1027 ","1.1004 ","1.1089 ","1.1085 "
11-29-2019,"1.1010 ","1.0982 ","1.1027 ","1.1017 "
11-28-2019,"1.1000 ","1.1000 ","1.1018 ","1.1009 "
11-27-2019,"1.1021 ","1.0992 ","1.1025 ","1.1001 "
11-26-2019,"1.1015 ","1.1007 ","1.1024 ","1.1024 "
11-25-2019,"1.1018 ","1.1005 ","1.1032 ","1.1011 "
11-22-2019,"1.1059 ","1.1015 ","1.1079 ","1.1023 "
11-21-2019,"1.1074 ","1.1053 ","1.1096 ","1.1058 "
11-20-2019,"1.1077 ","1.1054 ","1.1081 ","1.1073 "
11-19-2019,"1.1071 ","1.1064 ","1.1083 ","1.1077 "
11-18-2019,"1.1050 ","1.1050 ","1.1090 ","1.1074 "
11-15-2019,"1.1021 ","1.1015 ","1.1057 ","1.1055 "
11-14-2019,"1.1006 ","1.0990 ","1.1027 ","1.1020 "
11-13-2019,"1.1009 ","1.0996 ","1.1020 ","1.1008 "
11-12-2019,"1.1033 ","1.1003 ","1.1038 ","1.1011 "
11-11-2019,"1.1021 ","1.1017 ","1.1043 ","1.1033 "
11-08-2019,"1.1050 ","1.1017 ","1.1054 ","1.1022 "
11-07-2019,"1.1068 ","1.1037 ","1.1090 ","1.1046 "
11-06-2019,"1.1075 ","1.1065 ","1.1092 ","1.1069 "
11-05-2019,"1.1128 ","1.1064 ","1.1139 ","1.1071 "
11-04-2019,"1.1170 ","1.1125 ","1.1175 ","1.1128 "
11-01-2019,"1.1152 ","1.1131 ","1.1172 ","1.1164 "
10-31-2019,"1.1151 ","1.1133 ","1.1174 ","1.1152 "
10-30-2019,"1.1112 ","1.1082 ","1.1151 ","1.1150 "
10-29-2019,"1.1100 ","1.1074 ","1.1116 ","1.1112 "
10-28-2019,"1.1080 ","1.1077 ","1.1106 ","1.1100 "
10-25-2019,"1.1104 ","1.1074 ","1.1123 ","1.1078 "
10-24-2019,"1.1131 ","1.1093 ","1.1162 ","1.1104 "
10-23-2019,"1.1125 ","1.1107 ","1.1138 ","1.1131 "
10-22-2019,"1.1149 ","1.1119 ","1.1157 ","1.1125 "
10-21-2019,"1.1161 ","1.1140 ","1.1178 ","1.1149 "
10-18-2019,"1.1125 ","1.1115 ","1.1166 ","1.1166 "
10-17-2019,"1.1072 ","1.1065 ","1.1137 ","1.1125 "
10-16-2019,"1.1033 ","1.1023 ","1.1085 ","1.1072 "
10-15-2019,"1.1029 ","1.0991 ","1.1045 ","1.1033 "
10-14-2019,"1.1033 ","1.1014 ","1.1042 ","1.1027 "
10-11-2019,"1.1005 ","1.1002 ","1.1062 ","1.1036 "
10-10-2019,"1.0972 ","1.0972 ","1.1033 ","1.1006 "
10-09-2019,"1.0957 ","1.0952 ","1.0989 ","1.0972 "
10-08-2019,"1.0971 ","1.0944 ","1.0995 ","1.0957 "
10-07-2019,"1.0982 ","1.0963 ","1.0999 ","1.0971 "
10-04-2019,"1.0965 ","1.0958 ","1.0989 ","1.0976 "
10-03-2019,"1.0961 ","1.0941 ","1.0997 ","1.0963 "
10-02-2019,"1.0934 ","1.0905 ","1.0963 ","1.0959 "
10-01-2019,"1.0899 ","1.0881 ","1.0938 ","1.0933 "
09-30-2019,"1.0942 ","1.0888 ","1.0947 ","1.0898 "
09-27-2019,"1.0919 ","1.0906 ","1.0958 ","1.0941 "
09-26-2019,"1.0943 ","1.0911 ","1.0966 ","1.0921 "
09-25-2019,"1.1020 ","1.0938 ","1.1022 ","1.0943 "
09-24-2019,"1.0994 ","1.0985 ","1.1023 ","1.1019 "
09-23-2019,"1.1013 ","1.0968 ","1.1038 ","1.0993 "
09-20-2019,"1.1041 ","1.0998 ","1.1068 ","1.1018 "
09-19-2019,"1.1028 ","1.1023 ","1.1073 ","1.1040 "
09-18-2019,"1.1072 ","1.1016 ","1.1075 ","1.1030 "
09-17-2019,"1.1001 ","1.0992 ","1.1074 ","1.1072 "
09-16-2019,"1.1074 ","1.0995 ","1.1086 ","1.1002 "
09-13-2019,"1.1065 ","1.1056 ","1.1109 ","1.1078 "
09-12-2019,"1.1011 ","1.0928 ","1.1084 ","1.1064 "
09-11-2019,"1.1044 ","1.0985 ","1.1055 ","1.1011 "
09-10-2019,"1.1048 ","1.1032 ","1.1059 ","1.1043 "
09-09-2019,"1.1027 ","1.1016 ","1.1067 ","1.1047 "
09-06-2019,"1.1035 ","1.1021 ","1.1056 ","1.1027 "
09-05-2019,"1.1034 ","1.1017 ","1.1082 ","1.1035 "
09-04-2019,"1.0974 ","1.0969 ","1.1038 ","1.1036 "
09-03-2019,"1.0970 ","1.0928 ","1.0978 ","1.0973 "
09-02-2019,"1.0991 ","1.0958 ","1.0996 ","1.0971 "
08-30-2019,"1.1057 ","1.0964 ","1.1060 ","1.0990 "
08-29-2019,"1.1078 ","1.1044 ","1.1087 ","1.1056 "
08-28-2019,"1.1091 ","1.1075 ","1.1098 ","1.1078 "
08-27-2019,"1.1103 ","1.1087 ","1.1115 ","1.1090 "
08-26-2019,"1.1149 ","1.1095 ","1.1163 ","1.1102 "
08-23-2019,"1.1082 ","1.1052 ","1.1152 ","1.1141 "
08-22-2019,"1.1085 ","1.1064 ","1.1111 ","1.1079 "
08-21-2019,"1.1101 ","1.1082 ","1.1107 ","1.1084 "
08-20-2019,"1.1078 ","1.1068 ","1.1107 ","1.1100 "
08-19-2019,"1.1094 ","1.1077 ","1.1110 ","1.1078 "
08-16-2019,"1.1104 ","1.1067 ","1.1112 ","1.1090 "
08-15-2019,"1.1139 ","1.1092 ","1.1158 ","1.1107 "
08-14-2019,"1.1171 ","1.1131 ","1.1190 ","1.1139 "
08-13-2019,"1.1214 ","1.1171 ","1.1228 ","1.1172 "
08-12-2019,"1.1199 ","1.1162 ","1.1229 ","1.1214 "
08-09-2019,"1.1184 ","1.1181 ","1.1222 ","1.1203 "
08-08-2019,"1.1200 ","1.1179 ","1.1227 ","1.1180 "
08-07-2019,"1.1199 ","1.1180 ","1.1241 ","1.1200 "
08-06-2019,"1.1204 ","1.1170 ","1.1249 ","1.1202 "
08-05-2019,"1.1109 ","1.1105 ","1.1212 ","1.1203 "
08-02-2019,"1.1085 ","1.1071 ","1.1116 ","1.1105 "
08-01-2019,"1.1076 ","1.1028 ","1.1094 ","1.1085 "
07-31-2019,"1.1156 ","1.1062 ","1.1162 ","1.1077 "
07-30-2019,"1.1146 ","1.1133 ","1.1160 ","1.1156 "
07-29-2019,"1.1126 ","1.1114 ","1.1150 ","1.1145 "
07-26-2019,"1.1147 ","1.1113 ","1.1151 ","1.1128 "
07-25-2019,"1.1139 ","1.1102 ","1.1187 ","1.1147 "
07-24-2019,"1.1151 ","1.1130 ","1.1156 ","1.1140 "
07-23-2019,"1.1209 ","1.1146 ","1.1210 ","1.1152 "
07-22-2019,"1.1217 ","1.1206 ","1.1225 ","1.1209 "
07-19-2019,"1.1277 ","1.1204 ","1.1282 ","1.1218 "
07-18-2019,"1.1225 ","1.1207 ","1.1279 ","1.1277 "
07-17-2019,"1.1211 ","1.1200 ","1.1233 ","1.1224 "
07-16-2019,"1.1258 ","1.1202 ","1.1263 ","1.1211 "
07-15-2019,"1.1268 ","1.1254 ","1.1284 ","1.1258 "
07-12-2019,"1.1253 ","1.1239 ","1.1275 ","1.1270 "
07-11-2019,"1.1252 ","1.1246 ","1.1285 ","1.1253 "
07-10-2019,"1.1208 ","1.1202 ","1.1262 ","1.1251 "
07-09-2019,"1.1214 ","1.1195 ","1.1219 ","1.1208 "
07-08-2019,"1.1224 ","1.1207 ","1.1234 ","1.1214 "
07-05-2019,"1.1285 ","1.1208 ","1.1288 ","1.1227 "
07-04-2019,"1.1278 ","1.1274 ","1.1295 ","1.1285 "
07-03-2019,"1.1286 ","1.1269 ","1.1308 ","1.1278 "
07-02-2019,"1.1286 ","1.1276 ","1.1317 ","1.1284 "
07-01-2019,"1.1361 ","1.1282 ","1.1371 ","1.1286 "
06-28-2019,"1.1368 ","1.1354 ","1.1393 ","1.1368 "
06-27-2019,"1.1368 ","1.1348 ","1.1381 ","1.1369 "
06-26-2019,"1.1367 ","1.1349 ","1.1389 ","1.1369 "
06-25-2019,"1.1398 ","1.1345 ","1.1412 ","1.1367 "
06-24-2019,"1.1372 ","1.1368 ","1.1401 ","1.1398 "
06-21-2019,"1.1292 ","1.1283 ","1.1377 ","1.1373 "
06-20-2019,"1.1226 ","1.1226 ","1.1315 ","1.1292 "
06-19-2019,"1.1195 ","1.1188 ","1.1251 ","1.1226 "
06-18-2019,"1.1219 ","1.1182 ","1.1242 ","1.1194 "
06-17-2019,"1.1210 ","1.1205 ","1.1244 ","1.1219 "
06-14-2019,"1.1276 ","1.1203 ","1.1289 ","1.1211 "
06-13-2019,"1.1287 ","1.1269 ","1.1303 ","1.1276 "
06-12-2019,"1.1327 ","1.1284 ","1.1343 ","1.1287 "
06-11-2019,"1.1312 ","1.1304 ","1.1337 ","1.1326 "
06-10-2019,"1.1328 ","1.1292 ","1.1332 ","1.1311 "
06-07-2019,"1.1280 ","1.1252 ","1.1347 ","1.1333 "
06-06-2019,"1.1221 ","1.1221 ","1.1305 ","1.1276 "
06-05-2019,"1.1251 ","1.1220 ","1.1302 ","1.1221 "
06-04-2019,"1.1241 ","1.1229 ","1.1276 ","1.1252 "
06-03-2019,"1.1164 ","1.1161 ","1.1262 ","1.1241 "
05-31-2019,"1.1130 ","1.1125 ","1.1178 ","1.1167 "
05-30-2019,"1.1133 ","1.1117 ","1.1143 ","1.1129 "
05-29-2019,"1.1160 ","1.1125 ","1.1172 ","1.1131 "
05-28-2019,"1.1194 ","1.1160 ","1.1198 ","1.1160 "
05-27-2019,"1.1213 ","1.1187 ","1.1215 ","1.1192 "
05-24-2019,"1.1181 ","1.1175 ","1.1212 ","1.1205 "
05-23-2019,"1.1151 ","1.1110 ","1.1186 ","1.1181 "
05-22-2019,"1.1160 ","1.1149 ","1.1179 ","1.1151 "
05-21-2019,"1.1167 ","1.1142 ","1.1184 ","1.1160 "
05-20-2019,"1.1162 ","1.1151 ","1.1175 ","1.1167 "
05-17-2019,"1.1176 ","1.1155 ","1.1184 ","1.1157 "
05-16-2019,"1.1201 ","1.1167 ","1.1223 ","1.1173 "
05-15-2019,"1.1204 ","1.1180 ","1.1222 ","1.1201 "
05-14-2019,"1.1222 ","1.1202 ","1.1244 ","1.1204 "
05-13-2019,"1.1235 ","1.1222 ","1.1263 ","1.1222 "
05-10-2019,"1.1215 ","1.1215 ","1.1253 ","1.1238 "
05-09-2019,"1.1191 ","1.1174 ","1.1249 ","1.1216 "
05-08-2019,"1.1191 ","1.1183 ","1.1213 ","1.1191 "
05-07-2019,"1.1199 ","1.1168 ","1.1217 ","1.1191 "
05-06-2019,"1.1176 ","1.1173 ","1.1209 ","1.1199 "
05-03-2019,"1.1173 ","1.1137 ","1.1204 ","1.1203 "
05-02-2019,"1.1197 ","1.1171 ","1.1218 ","1.1172 "
05-01-2019,"1.1215 ","1.1189 ","1.1264 ","1.1196 "
04-30-2019,"1.1185 ","1.1176 ","1.1229 ","1.1215 "
04-29-2019,"1.1145 ","1.1145 ","1.1187 ","1.1186 "
04-26-2019,"1.1131 ","1.1112 ","1.1173 ","1.1149 "
04-25-2019,"1.1154 ","1.1120 ","1.1162 ","1.1133 "
04-24-2019,"1.1227 ","1.1142 ","1.1227 ","1.1156 "
04-23-2019,"1.1257 ","1.1193 ","1.1260 ","1.1228 "
04-22-2019,"1.1244 ","1.1236 ","1.1262 ","1.1257 "
04-19-2019,"1.1231 ","1.1230 ","1.1248 ","1.1245 "
04-18-2019,"1.1296 ","1.1227 ","1.1304 ","1.1230 "
04-17-2019,"1.1283 ","1.1279 ","1.1323 ","1.1296 "
04-16-2019,"1.1304 ","1.1280 ","1.1314 ","1.1281 "
04-15-2019,"1.1305 ","1.1299 ","1.1321 ","1.1304 "
04-12-2019,"1.1254 ","1.1254 ","1.1323 ","1.1298 "
04-11-2019,"1.1273 ","1.1250 ","1.1287 ","1.1253 "
04-10-2019,"1.1263 ","1.1231 ","1.1282 ","1.1273 "
04-09-2019,"1.1263 ","1.1256 ","1.1284 ","1.1263 "
04-08-2019,"1.1218 ","1.1213 ","1.1274 ","1.1263 "
04-05-2019,"1.1219 ","1.1211 ","1.1240 ","1.1216 "
04-04-2019,"1.1233 ","1.1208 ","1.1248 ","1.1221 "
04-03-2019,"1.1204 ","1.1201 ","1.1254 ","1.1233 "
04-02-2019,"1.1213 ","1.1184 ","1.1213 ","1.1204 "
04-01-2019,"1.1230 ","1.1204 ","1.1249 ","1.1213 "
03-29-2019,"1.1221 ","1.1210 ","1.1247 ","1.1216 "
03-28-2019,"1.1245 ","1.1215 ","1.1261 ","1.1221 "
03-27-2019,"1.1266 ","1.1240 ","1.1285 ","1.1244 "
03-26-2019,"1.1312 ","1.1264 ","1.1326 ","1.1266 "
03-25-2019,"1.1294 ","1.1290 ","1.1331 ","1.1312 "
03-22-2019,"1.1375 ","1.1275 ","1.1391 ","1.1298 "
03-21-2019,"1.1413 ","1.1343 ","1.1437 ","1.1374 "
03-20-2019,"1.1352 ","1.1336 ","1.1447 ","1.1414 "
03-19-2019,"1.1335 ","1.1334 ","1.1361 ","1.1352 "
03-18-2019,"1.1323 ","1.1319 ","1.1359 ","1.1337 "
03-15-2019,"1.1303 ","1.1300 ","1.1342 ","1.1327 "
03-14-2019,"1.1328 ","1.1295 ","1.1337 ","1.1304 "
03-13-2019,"1.1288 ","1.1278 ","1.1338 ","1.1327 "
03-12-2019,"1.1245 ","1.1245 ","1.1304 ","1.1286 "
03-11-2019,"1.1231 ","1.1222 ","1.1257 ","1.1245 "
03-08-2019,"1.1194 ","1.1186 ","1.1245 ","1.1232 "
03-07-2019,"1.1307 ","1.1178 ","1.1320 ","1.1181 "
03-06-2019,"1.1307 ","1.1290 ","1.1324 ","1.1311 "
03-05-2019,"1.1340 ","1.1290 ","1.1341 ","1.1308 "
03-04-2019,"1.1382 ","1.1309 ","1.1382 ","1.1342 "
03-01-2019,"1.1371 ","1.1354 ","1.1407 ","1.1365 "
02-28-2019,"1.1367 ","1.1362 ","1.1418 ","1.1374 "
02-27-2019,"1.1389 ","1.1362 ","1.1402 ","1.1371 "
02-26-2019,"1.1360 ","1.1346 ","1.1401 ","1.1392 "
02-25-2019,"1.1330 ","1.1330 ","1.1367 ","1.1361 "
02-22-2019,"1.1340 ","1.1319 ","1.1355 ","1.1332 "
02-21-2019,"1.1338 ","1.1323 ","1.1365 ","1.1338 "
02-20-2019,"1.1343 ","1.1325 ","1.1370 ","1.1340 "
02-19-2019,"1.1311 ","1.1277 ","1.1356 ","1.1342 "
02-18-2019,"1.1295 ","1.1290 ","1.1334 ","1.1315 "
02-15-2019,"1.1295 ","1.1237 ","1.1306 ","1.1299 "
02-14-2019,"1.1261 ","1.1250 ","1.1306 ","1.1292 "
02-13-2019,"1.1326 ","1.1265 ","1.1341 ","1.1266 "
02-12-2019,"1.1277 ","1.1258 ","1.1340 ","1.1332 "
02-11-2019,"1.1320 ","1.1268 ","1.1330 ","1.1276 "
02-08-2019,"1.1340 ","1.1321 ","1.1350 ","1.1322 "
02-07-2019,"1.1364 ","1.1326 ","1.1368 ","1.1342 "
02-06-2019,"1.1405 ","1.1362 ","1.1409 ","1.1368 "
02-05-2019,"1.1438 ","1.1402 ","1.1440 ","1.1413 "
02-04-2019,"1.1454 ","1.1425 ","1.1460 ","1.1435 "
02-01-2019,"1.1448 ","1.1435 ","1.1486 ","1.1459 "
01-31-2019,"1.1479 ","1.1437 ","1.1513 ","1.1445 "
01-30-2019,"1.1433 ","1.1408 ","1.1500 ","1.1481 "
01-29-2019,"1.1428 ","1.1413 ","1.1450 ","1.1433 "
01-28-2019,"1.1403 ","1.1393 ","1.1443 ","1.1428 "
01-25-2019,"1.1304 ","1.1301 ","1.1417 ","1.1415 "
01-24-2019,"1.1381 ","1.1290 ","1.1391 ","1.1308 "
01-23-2019,"1.1360 ","1.1352 ","1.1394 ","1.1382 "
01-22-2019,"1.1367 ","1.1338 ","1.1373 ","1.1353 "
01-21-2019,"1.1362 ","1.1357 ","1.1386 ","1.1369 "
01-18-2019,"1.1389 ","1.1354 ","1.1410 ","1.1364 "
01-17-2019,"1.1394 ","1.1372 ","1.1405 ","1.1391 "
01-16-2019,"1.1412 ","1.1378 ","1.1424 ","1.1393 "
01-15-2019,"1.1469 ","1.1383 ","1.1490 ","1.1414 "
01-14-2019,"1.1460 ","1.1452 ","1.1482 ","1.1469 "
01-11-2019,"1.1500 ","1.1459 ","1.1538 ","1.1462 "
01-10-2019,"1.1542 ","1.1488 ","1.1570 ","1.1498 "
01-09-2019,"1.1442 ","1.1438 ","1.1555 ","1.1555 "
01-08-2019,"1.1474 ","1.1423 ","1.1484 ","1.1440 "
01-07-2019,"1.1398 ","1.1398 ","1.1482 ","1.1477 "
01-04-2019,"1.1394 ","1.1348 ","1.1418 ","1.1403 "
01-03-2019,"1.1345 ","1.1312 ","1.1409 ","1.1398 "
01-02-2019,"1.1462 ","1.1327 ","1.1495 ","1.1346 "
12-31-2018,"1.1437 ","1.1422 ","1.1465 ","1.1456 "
12-28-2018,"1.1431 ","1.1427 ","1.1472 ","1.1442 "
12-27-2018,"1.1353 ","1.1353 ","1.1453 ","1.1440 "
12-26-2018,"1.1393 ","1.1344 ","1.1420 ","1.1354 "
12-25-2018,"1.1406 ","1.1396 ","1.1419 ","1.1401 "
12-24-2018,"1.1371 ","1.1362 ","1.1438 ","1.1408 "
12-19-2018,"1.1365 ","1.1362 ","1.1439 ","1.1373 "
12-18-2018,"1.1348 ","1.1338 ","1.1402 ","1.1363 "
12-17-2018,"1.1305 ","1.1302 ","1.1357 ","1.1345 "
12-14-2018,"1.1361 ","1.1270 ","1.1365 ","1.1301 "
12-13-2018,"1.1369 ","1.1332 ","1.1392 ","1.1364 "
12-12-2018,"1.1317 ","1.1316 ","1.1386 ","1.1371 "
12-11-2018,"1.1355 ","1.1307 ","1.1400 ","1.1327 "
12-10-2018,"1.1393 ","1.1351 ","1.1442 ","1.1355 "
12-07-2018,"1.1374 ","1.1361 ","1.1420 ","1.1411 "
12-06-2018,"1.1344 ","1.1322 ","1.1411 ","1.1382 "
12-05-2018,"1.1343 ","1.1317 ","1.1360 ","1.1345 "
12-04-2018,"1.1354 ","1.1323 ","1.1418 ","1.1338 "
12-03-2018,"1.1352 ","1.1321 ","1.1379 ","1.1345 "
11-30-2018,"1.1393 ","1.1306 ","1.1400 ","1.1322 "
11-29-2018,"1.1368 ","1.1349 ","1.1400 ","1.1390 "
11-28-2018,"1.1292 ","1.1268 ","1.1386 ","1.1369 "
11-27-2018,"1.1327 ","1.1278 ","1.1344 ","1.1297 "
11-26-2018,"1.1341 ","1.1327 ","1.1382 ","1.1334 "
11-23-2018,"1.1403 ","1.1328 ","1.1421 ","1.1331 "
11-22-2018,"1.1383 ","1.1383 ","1.1433 ","1.1406 "
11-21-2018,"1.1371 ","1.1366 ","1.1425 ","1.1384 "
11-20-2018,"1.1455 ","1.1359 ","1.1472 ","1.1369 "
11-19-2018,"1.1415 ","1.1394 ","1.1463 ","1.1451 "
11-16-2018,"1.1327 ","1.1322 ","1.1420 ","1.1416 "
11-15-2018,"1.1309 ","1.1275 ","1.1360 ","1.1332 "
11-14-2018,"1.1290 ","1.1264 ","1.1343 ","1.1323 "
11-13-2018,"1.1219 ","1.1218 ","1.1291 ","1.1285 "
11-12-2018,"1.1323 ","1.1234 ","1.1331 ","1.1234 "
11-09-2018,"1.1365 ","1.1318 ","1.1369 ","1.1336 "
11-08-2018,"1.1427 ","1.1355 ","1.1444 ","1.1360 "
11-07-2018,"1.1427 ","1.1398 ","1.1499 ","1.1439 "
11-06-2018,"1.1408 ","1.1393 ","1.1437 ","1.1418 "
11-05-2018,"1.1388 ","1.1360 ","1.1423 ","1.1408 "
11-02-2018,"1.1409 ","1.1375 ","1.1456 ","1.1391 "
11-01-2018,"1.1313 ","1.1309 ","1.1423 ","1.1409 "
10-31-2018,"1.1345 ","1.1302 ","1.1360 ","1.1311 "
10-30-2018,"1.1374 ","1.1341 ","1.1387 ","1.1344 "
10-29-2018,"1.1396 ","1.1364 ","1.1415 ","1.1373 "
10-26-2018,"1.1373 ","1.1336 ","1.1418 ","1.1402 "
10-25-2018,"1.1393 ","1.1357 ","1.1432 ","1.1375 "
10-24-2018,"1.1471 ","1.1382 ","1.1475 ","1.1392 "
10-23-2018,"1.1466 ","1.1440 ","1.1491 ","1.1471 "
10-22-2018,"1.1517 ","1.1456 ","1.1550 ","1.1465 "
10-19-2018,"1.1453 ","1.1435 ","1.1533 ","1.1523 "
10-18-2018,"1.1501 ","1.1450 ","1.1526 ","1.1453 "
10-17-2018,"1.1575 ","1.1497 ","1.1580 ","1.1500 "
10-16-2018,"1.1579 ","1.1567 ","1.1620 ","1.1575 "
10-15-2018,"1.1545 ","1.1543 ","1.1605 ","1.1579 "
10-12-2018,"1.1587 ","1.1537 ","1.1610 ","1.1559 "
10-11-2018,"1.1522 ","1.1521 ","1.1598 ","1.1593 "
10-10-2018,"1.1493 ","1.1480 ","1.1544 ","1.1521 "
10-09-2018,"1.1490 ","1.1433 ","1.1502 ","1.1491 "
10-08-2018,"1.1523 ","1.1461 ","1.1529 ","1.1492 "
10-05-2018,"1.1516 ","1.1487 ","1.1546 ","1.1520 "
10-04-2018,"1.1479 ","1.1464 ","1.1534 ","1.1514 "
10-03-2018,"1.1547 ","1.1471 ","1.1592 ","1.1478 "
10-02-2018,"1.1579 ","1.1506 ","1.1580 ","1.1545 "
10-01-2018,"1.1619 ","1.1564 ","1.1622 ","1.1578 "
09-28-2018,"1.1641 ","1.1571 ","1.1650 ","1.1603 "
09-27-2018,"1.1740 ","1.1640 ","1.1757 ","1.1641 "
09-26-2018,"1.1766 ","1.1728 ","1.1797 ","1.1739 "
09-25-2018,"1.1749 ","1.1732 ","1.1792 ","1.1767 "
09-24-2018,"1.1744 ","1.1725 ","1.1814 ","1.1749 "
09-21-2018,"1.1778 ","1.1734 ","1.1802 ","1.1753 "
09-20-2018,"1.1673 ","1.1669 ","1.1784 ","1.1777 "
09-19-2018,"1.1667 ","1.1652 ","1.1714 ","1.1672 "
09-18-2018,"1.1685 ","1.1653 ","1.1723 ","1.1666 "
09-17-2018,"1.1625 ","1.1623 ","1.1697 ","1.1683 "
09-14-2018,"1.1690 ","1.1621 ","1.1721 ","1.1624 "
09-13-2018,"1.1627 ","1.1610 ","1.1701 ","1.1690 "
09-12-2018,"1.1606 ","1.1571 ","1.1647 ","1.1626 "
09-11-2018,"1.1592 ","1.1567 ","1.1643 ","1.1605 "
09-10-2018,"1.1551 ","1.1528 ","1.1613 ","1.1596 "
09-07-2018,"1.1622 ","1.1551 ","1.1649 ","1.1556 "
09-06-2018,"1.1631 ","1.1607 ","1.1657 ","1.1623 "
09-05-2018,"1.1581 ","1.1544 ","1.1633 ","1.1631 "
09-04-2018,"1.1619 ","1.1532 ","1.1620 ","1.1582 "
09-03-2018,"1.1597 ","1.1591 ","1.1627 ","1.1619 "
08-31-2018,"1.1671 ","1.1586 ","1.1690 ","1.1608 "
08-30-2018,"1.1707 ","1.1643 ","1.1717 ","1.1669 "
08-29-2018,"1.1696 ","1.1653 ","1.1710 ","1.1707 "
08-28-2018,"1.1678 ","1.1664 ","1.1732 ","1.1695 "
08-27-2018,"1.1616 ","1.1597 ","1.1693 ","1.1678 "
08-24-2018,"1.1539 ","1.1536 ","1.1637 ","1.1622 "
08-23-2018,"1.1595 ","1.1530 ","1.1599 ","1.1542 "
08-22-2018,"1.1571 ","1.1554 ","1.1623 ","1.1596 "
08-21-2018,"1.1482 ","1.1482 ","1.1600 ","1.1570 "
08-20-2018,"1.1440 ","1.1396 ","1.1485 ","1.1483 "
08-17-2018,"1.1377 ","1.1367 ","1.1445 ","1.1440 "
08-16-2018,"1.1345 ","1.1338 ","1.1408 ","1.1377 "
08-15-2018,"1.1345 ","1.1302 ","1.1354 ","1.1346 "
08-14-2018,"1.1411 ","1.1331 ","1.1429 ","1.1343 "
08-13-2018,"1.1377 ","1.1366 ","1.1432 ","1.1411 "
08-10-2018,"1.1526 ","1.1388 ","1.1535 ","1.1414 "
08-09-2018,"1.1611 ","1.1527 ","1.1619 ","1.1528 "
08-08-2018,"1.1600 ","1.1574 ","1.1628 ","1.1610 "
08-07-2018,"1.1552 ","1.1552 ","1.1608 ","1.1599 "
08-06-2018,"1.1570 ","1.1531 ","1.1572 ","1.1554 "
08-03-2018,"1.1586 ","1.1562 ","1.1609 ","1.1566 "
08-02-2018,"1.1659 ","1.1583 ","1.1667 ","1.1586 "
08-01-2018,"1.1692 ","1.1658 ","1.1699 ","1.1661 "
07-31-2018,"1.1708 ","1.1687 ","1.1745 ","1.1692 "
07-30-2018,"1.1655 ","1.1650 ","1.1718 ","1.1705 "
07-27-2018,"1.1641 ","1.1623 ","1.1664 ","1.1658 "
07-26-2018,"1.1728 ","1.1641 ","1.1743 ","1.1643 "
07-25-2018,"1.1676 ","1.1666 ","1.1738 ","1.1729 "
07-24-2018,"1.1692 ","1.1656 ","1.1716 ","1.1687 "
07-23-2018,"1.1728 ","1.1685 ","1.1750 ","1.1692 "
07-20-2018,"1.1645 ","1.1627 ","1.1737 ","1.1721 "
07-19-2018,"1.1639 ","1.1576 ","1.1673 ","1.1642 "
07-18-2018,"1.1661 ","1.1603 ","1.1665 ","1.1639 "
07-17-2018,"1.1711 ","1.1652 ","1.1744 ","1.1661 "
07-16-2018,"1.1687 ","1.1676 ","1.1724 ","1.1711 "
07-13-2018,"1.1671 ","1.1614 ","1.1686 ","1.1683 "
07-12-2018,"1.1673 ","1.1651 ","1.1696 ","1.1671 "
07-11-2018,"1.1745 ","1.1667 ","1.1758 ","1.1673 "
07-10-2018,"1.1766 ","1.1692 ","1.1766 ","1.1744 "
07-09-2018,"1.1747 ","1.1733 ","1.1790 ","1.1750 "
07-06-2018,"1.1692 ","1.1680 ","1.1765 ","1.1743 "
07-05-2018,"1.1657 ","1.1650 ","1.1719 ","1.1691 "
07-04-2018,"1.1659 ","1.1631 ","1.1682 ","1.1657 "
07-03-2018,"1.1640 ","1.1623 ","1.1672 ","1.1657 "
07-02-2018,"1.1685 ","1.1593 ","1.1685 ","1.1640 "
06-29-2018,"1.1569 ","1.1559 ","1.1690 ","1.1686 "
06-28-2018,"1.1554 ","1.1528 ","1.1596 ","1.1569 "
06-27-2018,"1.1646 ","1.1542 ","1.1672 ","1.1554 "
06-26-2018,"1.1705 ","1.1637 ","1.1719 ","1.1647 "
06-25-2018,"1.1665 ","1.1629 ","1.1712 ","1.1704 "
06-22-2018,"1.1603 ","1.1601 ","1.1674 ","1.1659 "
06-21-2018,"1.1571 ","1.1512 ","1.1631 ","1.1604 "
06-20-2018,"1.1589 ","1.1539 ","1.1599 ","1.1575 "
06-19-2018,"1.1623 ","1.1531 ","1.1644 ","1.1591 "
06-18-2018,"1.1589 ","1.1566 ","1.1624 ","1.1623 "
06-15-2018,"1.1569 ","1.1546 ","1.1625 ","1.1607 "
06-14-2018,"1.1792 ","1.1567 ","1.1839 ","1.1567 "
06-13-2018,"1.1745 ","1.1730 ","1.1799 ","1.1791 "
06-12-2018,"1.1783 ","1.1735 ","1.1807 ","1.1744 "
06-11-2018,"1.1774 ","1.1771 ","1.1819 ","1.1785 "
06-08-2018,"1.1800 ","1.1728 ","1.1810 ","1.1770 "
06-07-2018,"1.1776 ","1.1774 ","1.1839 ","1.1798 "
06-06-2018,"1.1717 ","1.1714 ","1.1795 ","1.1775 "
06-05-2018,"1.1699 ","1.1653 ","1.1732 ","1.1718 "
06-04-2018,"1.1663 ","1.1661 ","1.1744 ","1.1699 "
06-01-2018,"1.1693 ","1.1625 ","1.1716 ","1.1662 "
05-31-2018,"1.1668 ","1.1642 ","1.1724 ","1.1694 "
05-30-2018,"1.1538 ","1.1519 ","1.1671 ","1.1665 "
05-29-2018,"1.1624 ","1.1516 ","1.1639 ","1.1540 "
05-28-2018,"1.1683 ","1.1608 ","1.1728 ","1.1625 "
05-25-2018,"1.1722 ","1.1648 ","1.1733 ","1.1652 "
05-24-2018,"1.1697 ","1.1692 ","1.1749 ","1.1720 "
05-23-2018,"1.1781 ","1.1678 ","1.1789 ","1.1696 "
05-22-2018,"1.1791 ","1.1759 ","1.1829 ","1.1779 "
05-21-2018,"1.1773 ","1.1717 ","1.1795 ","1.1790 "
05-18-2018,"1.1794 ","1.1751 ","1.1822 ","1.1768 "
05-17-2018,"1.1807 ","1.1777 ","1.1835 ","1.1794 "
05-16-2018,"1.1840 ","1.1764 ","1.1853 ","1.1807 "
05-15-2018,"1.1926 ","1.1822 ","1.1938 ","1.1838 "
05-14-2018,"1.1943 ","1.1927 ","1.1995 ","1.1927 "
05-11-2018,"1.1916 ","1.1893 ","1.1967 ","1.1941 "
05-10-2018,"1.1849 ","1.1844 ","1.1944 ","1.1915 "
05-09-2018,"1.1866 ","1.1824 ","1.1895 ","1.1850 "
05-08-2018,"1.1922 ","1.1841 ","1.1938 ","1.1865 "
05-07-2018,"1.1964 ","1.1899 ","1.1978 ","1.1923 "
05-04-2018,"1.1989 ","1.1912 ","1.1995 ","1.1963 "
05-03-2018,"1.1952 ","1.1949 ","1.2007 ","1.1989 "
05-02-2018,"1.1993 ","1.1939 ","1.2030 ","1.1951 "
05-01-2018,"1.2077 ","1.1982 ","1.2084 ","1.1992 "
04-30-2018,"1.2126 ","1.2065 ","1.2139 ","1.2080 "
04-27-2018,"1.2104 ","1.2057 ","1.2132 ","1.2130 "
04-26-2018,"1.2162 ","1.2097 ","1.2208 ","1.2103 "
04-25-2018,"1.2232 ","1.2161 ","1.2238 ","1.2161 "
04-24-2018,"1.2208 ","1.2184 ","1.2245 ","1.2232 "
04-23-2018,"1.2274 ","1.2199 ","1.2289 ","1.2208 "
04-20-2018,"1.2346 ","1.2252 ","1.2353 ","1.2292 "
04-19-2018,"1.2376 ","1.2330 ","1.2400 ","1.2346 "
04-18-2018,"1.2372 ","1.2345 ","1.2396 ","1.2374 "
04-17-2018,"1.2381 ","1.2339 ","1.2414 ","1.2370 "
04-16-2018,"1.2333 ","1.2325 ","1.2392 ","1.2380 "
04-13-2018,"1.2327 ","1.2308 ","1.2345 ","1.2336 "
04-12-2018,"1.2367 ","1.2300 ","1.2379 ","1.2327 "
04-11-2018,"1.2356 ","1.2348 ","1.2396 ","1.2368 "
04-10-2018,"1.2320 ","1.2304 ","1.2376 ","1.2356 "
04-09-2018,"1.2284 ","1.2262 ","1.2329 ","1.2321 "
04-06-2018,"1.2240 ","1.2218 ","1.2290 ","1.2280 "
04-05-2018,"1.2279 ","1.2220 ","1.2290 ","1.2241 "
04-04-2018,"1.2271 ","1.2257 ","1.2312 ","1.2278 "
04-03-2018,"1.2302 ","1.2255 ","1.2334 ","1.2271 "
04-02-2018,"1.2324 ","1.2283 ","1.2343 ","1.2302 "
03-30-2018,"1.2300 ","1.2297 ","1.2331 ","1.2327 "
03-29-2018,"1.2307 ","1.2284 ","1.2335 ","1.2300 "
03-28-2018,"1.2402 ","1.2300 ","1.2421 ","1.2308 "
03-27-2018,"1.2447 ","1.2375 ","1.2474 ","1.2403 "
03-26-2018,"1.2351 ","1.2351 ","1.2461 ","1.2444 "
03-23-2018,"1.2303 ","1.2301 ","1.2373 ","1.2359 "
03-22-2018,"1.2338 ","1.2286 ","1.2386 ","1.2303 "
03-21-2018,"1.2241 ","1.2241 ","1.2348 ","1.2338 "
03-20-2018,"1.2335 ","1.2241 ","1.2353 ","1.2242 "
03-19-2018,"1.2287 ","1.2260 ","1.2359 ","1.2335 "
03-16-2018,"1.2305 ","1.2262 ","1.2336 ","1.2288 "
03-15-2018,"1.2367 ","1.2301 ","1.2383 ","1.2305 "
03-14-2018,"1.2391 ","1.2348 ","1.2412 ","1.2368 "
03-13-2018,"1.2334 ","1.2315 ","1.2407 ","1.2390 "
03-12-2018,"1.2313 ","1.2291 ","1.2345 ","1.2335 "
03-09-2018,"1.2311 ","1.2276 ","1.2333 ","1.2306 "
03-08-2018,"1.2412 ","1.2300 ","1.2445 ","1.2312 "
03-07-2018,"1.2404 ","1.2386 ","1.2441 ","1.2411 "
03-06-2018,"1.2336 ","1.2330 ","1.2418 ","1.2404 "
03-05-2018,"1.2331 ","1.2273 ","1.2362 ","1.2336 "
03-02-2018,"1.2264 ","1.2253 ","1.2336 ","1.2325 "
03-01-2018,"1.2194 ","1.2156 ","1.2269 ","1.2267 "
02-28-2018,"1.2233 ","1.2190 ","1.2240 ","1.2194 "
02-27-2018,"1.2316 ","1.2225 ","1.2344 ","1.2233 "
02-26-2018,"1.2295 ","1.2280 ","1.2354 ","1.2317 "
02-23-2018,"1.2330 ","1.2280 ","1.2336 ","1.2295 "
02-22-2018,"1.2283 ","1.2261 ","1.2350 ","1.2330 "
02-21-2018,"1.2338 ","1.2282 ","1.2359 ","1.2283 "
02-20-2018,"1.2406 ","1.2321 ","1.2412 ","1.2337 "
02-19-2018,"1.2403 ","1.2371 ","1.2435 ","1.2407 "
02-16-2018,"1.2506 ","1.2397 ","1.2555 ","1.2411 "
02-15-2018,"1.2452 ","1.2450 ","1.2509 ","1.2508 "
02-14-2018,"1.2352 ","1.2279 ","1.2463 ","1.2451 "
02-13-2018,"1.2291 ","1.2285 ","1.2369 ","1.2351 "
02-12-2018,"1.2243 ","1.2236 ","1.2296 ","1.2292 "
02-09-2018,"1.2246 ","1.2207 ","1.2285 ","1.2245 "
02-08-2018,"1.2261 ","1.2216 ","1.2294 ","1.2247 "
02-07-2018,"1.2375 ","1.2248 ","1.2403 ","1.2264 "
02-06-2018,"1.2367 ","1.2315 ","1.2427 ","1.2375 "
02-05-2018,"1.2440 ","1.2364 ","1.2474 ","1.2367 "
02-02-2018,"1.2513 ","1.2409 ","1.2516 ","1.2455 "
02-01-2018,"1.2411 ","1.2386 ","1.2520 ","1.2510 "
01-31-2018,"1.2403 ","1.2389 ","1.2475 ","1.2414 "
01-30-2018,"1.2382 ","1.2335 ","1.2452 ","1.2403 "
01-29-2018,"1.2426 ","1.2338 ","1.2432 ","1.2383 "
01-26-2018,"1.2395 ","1.2374 ","1.2490 ","1.2430 "
01-25-2018,"1.2409 ","1.2366 ","1.2532 ","1.2395 "
01-24-2018,"1.2299 ","1.2295 ","1.2414 ","1.2409 "
01-23-2018,"1.2262 ","1.2224 ","1.2303 ","1.2298 "
01-22-2018,"1.2265 ","1.2216 ","1.2267 ","1.2262 "
01-19-2018,"1.2238 ","1.2216 ","1.2294 ","1.2224 "
01-18-2018,"1.2187 ","1.2166 ","1.2264 ","1.2239 "
01-17-2018,"1.2261 ","1.2179 ","1.2316 ","1.2186 "
01-16-2018,"1.2264 ","1.2198 ","1.2281 ","1.2260 "
01-15-2018,"1.2199 ","1.2188 ","1.2296 ","1.2264 "
01-12-2018,"1.2032 ","1.2031 ","1.2213 ","1.2191 "
01-11-2018,"1.1948 ","1.1931 ","1.2059 ","1.2031 "
01-10-2018,"1.1937 ","1.1923 ","1.2016 ","1.1947 "
01-09-2018,"1.1967 ","1.1917 ","1.1975 ","1.1937 "
01-08-2018,"1.2029 ","1.1957 ","1.2051 ","1.1967 "
01-05-2018,"1.2068 ","1.2021 ","1.2080 ","1.2030 "
01-04-2018,"1.2015 ","1.2005 ","1.2088 ","1.2068 "
01-03-2018,"1.2059 ","1.2005 ","1.2066 ","1.2014 "
01-02-2018,"1.2008 ","1.2006 ","1.2079 ","1.2058 "
12-29-2017,"1.1944 ","1.1937 ","1.2025 ","1.1997 "
12-28-2017,"1.1897 ","1.1896 ","1.1959 ","1.1943 "
12-27-2017,"1.1858 ","1.1855 ","1.1909 ","1.1887 "
12-26-2017,"1.1868 ","1.1847 ","1.1876 ","1.1858 "
12-25-2017,"1.1855 ","1.1847 ","1.1879 ","1.1876 "
12-22-2017,"1.1874 ","1.1822 ","1.1876 ","1.1860 "
12-21-2017,"1.1871 ","1.1850 ","1.1888 ","1.1875 "
12-20-2017,"1.1840 ","1.1829 ","1.1901 ","1.1872 "
12-19-2017,"1.1782 ","1.1777 ","1.1849 ","1.1840 "
12-18-2017,"1.1745 ","1.1739 ","1.1834 ","1.1782 "
12-15-2017,"1.1778 ","1.1752 ","1.1811 ","1.1755 "
12-14-2017,"1.1826 ","1.1771 ","1.1862 ","1.1778 "
12-13-2017,"1.1743 ","1.1731 ","1.1831 ","1.1826 "
12-12-2017,"1.1770 ","1.1718 ","1.1792 ","1.1742 "
12-11-2017,"1.1767 ","1.1764 ","1.1810 ","1.1769 "
12-08-2017,"1.1773 ","1.1731 ","1.1777 ","1.1768 "
12-07-2017,"1.1795 ","1.1772 ","1.1812 ","1.1773 "
12-06-2017,"1.1827 ","1.1781 ","1.1847 ","1.1795 "
12-05-2017,"1.1865 ","1.1801 ","1.1877 ","1.1827 "
12-04-2017,"1.1869 ","1.1830 ","1.1877 ","1.1866 "
12-01-2017,"1.1904 ","1.1853 ","1.1940 ","1.1897 "
11-30-2017,"1.1847 ","1.1812 ","1.1931 ","1.1904 "
11-29-2017,"1.1840 ","1.1818 ","1.1882 ","1.1847 "
11-28-2017,"1.1898 ","1.1828 ","1.1918 ","1.1843 "
11-27-2017,"1.1929 ","1.1896 ","1.1960 ","1.1898 "
11-24-2017,"1.1851 ","1.1837 ","1.1944 ","1.1930 "
11-23-2017,"1.1820 ","1.1814 ","1.1854 ","1.1850 "
11-22-2017,"1.1739 ","1.1733 ","1.1825 ","1.1822 "
11-21-2017,"1.1734 ","1.1714 ","1.1756 ","1.1738 "
11-20-2017,"1.1788 ","1.1723 ","1.1807 ","1.1733 "
11-17-2017,"1.1772 ","1.1766 ","1.1820 ","1.1791 "
11-16-2017,"1.1791 ","1.1759 ","1.1800 ","1.1770 "
11-15-2017,"1.1798 ","1.1785 ","1.1858 ","1.1791 "
11-14-2017,"1.1671 ","1.1662 ","1.1803 ","1.1799 "
11-13-2017,"1.1658 ","1.1639 ","1.1674 ","1.1668 "
11-10-2017,"1.1640 ","1.1623 ","1.1678 ","1.1665 "
11-09-2017,"1.1595 ","1.1586 ","1.1654 ","1.1642 "
11-08-2017,"1.1589 ","1.1581 ","1.1611 ","1.1597 "
11-07-2017,"1.1609 ","1.1555 ","1.1615 ","1.1586 "
11-06-2017,"1.1613 ","1.1582 ","1.1621 ","1.1610 "
11-03-2017,"1.1658 ","1.1599 ","1.1690 ","1.1610 "
11-02-2017,"1.1619 ","1.1614 ","1.1686 ","1.1658 "
11-01-2017,"1.1646 ","1.1608 ","1.1657 ","1.1619 "
10-31-2017,"1.1651 ","1.1625 ","1.1659 ","1.1646 "
10-30-2017,"1.1609 ","1.1595 ","1.1657 ","1.1653 "
10-27-2017,"1.1652 ","1.1576 ","1.1657 ","1.1608 "
10-26-2017,"1.1813 ","1.1642 ","1.1834 ","1.1650 "
10-25-2017,"1.1761 ","1.1753 ","1.1817 ","1.1813 "
10-24-2017,"1.1749 ","1.1743 ","1.1792 ","1.1778 "
10-23-2017,"1.1767 ","1.1727 ","1.1777 ","1.1749 "
10-20-2017,"1.1853 ","1.1766 ","1.1855 ","1.1782 "
10-19-2017,"1.1788 ","1.1774 ","1.1857 ","1.1852 "
10-18-2017,"1.1766 ","1.1732 ","1.1804 ","1.1787 "
10-17-2017,"1.1797 ","1.1736 ","1.1799 ","1.1766 "
10-16-2017,"1.1815 ","1.1781 ","1.1819 ","1.1795 "
10-13-2017,"1.1829 ","1.1806 ","1.1874 ","1.1823 "
10-12-2017,"1.1860 ","1.1828 ","1.1879 ","1.1830 "
10-11-2017,"1.1808 ","1.1796 ","1.1869 ","1.1859 "
10-10-2017,"1.1740 ","1.1740 ","1.1822 ","1.1808 "
10-09-2017,"1.1734 ","1.1720 ","1.1755 ","1.1741 "
10-06-2017,"1.1712 ","1.1673 ","1.1738 ","1.1737 "
10-05-2017,"1.1761 ","1.1700 ","1.1778 ","1.1710 "
10-04-2017,"1.1744 ","1.1736 ","1.1787 ","1.1759 "
10-03-2017,"1.1733 ","1.1697 ","1.1771 ","1.1744 "
10-02-2017,"1.1797 ","1.1730 ","1.1814 ","1.1733 "
09-29-2017,"1.1786 ","1.1773 ","1.1831 ","1.1816 "
09-28-2017,"1.1750 ","1.1722 ","1.1801 ","1.1787 "
09-27-2017,"1.1794 ","1.1719 ","1.1795 ","1.1745 "
09-26-2017,"1.1848 ","1.1759 ","1.1861 ","1.1793 "
09-25-2017,"1.1901 ","1.1833 ","1.1936 ","1.1849 "
09-22-2017,"1.1941 ","1.1938 ","1.2003 ","1.1946 "
09-21-2017,"1.1893 ","1.1867 ","1.1951 ","1.1941 "
09-20-2017,"1.1994 ","1.1863 ","1.2018 ","1.1893 "
09-19-2017,"1.1953 ","1.1950 ","1.2004 ","1.1993 "
09-18-2017,"1.1935 ","1.1923 ","1.1967 ","1.1953 "
09-15-2017,"1.1919 ","1.1902 ","1.1985 ","1.1954 "
09-14-2017,"1.1884 ","1.1840 ","1.1921 ","1.1919 "
09-13-2017,"1.1966 ","1.1873 ","1.1993 ","1.1885 "
09-12-2017,"1.1953 ","1.1927 ","1.1977 ","1.1966 "
09-11-2017,"1.2019 ","1.1948 ","1.2029 ","1.1953 "
09-08-2017,"1.2023 ","1.2018 ","1.2090 ","1.2036 "
09-07-2017,"1.1917 ","1.1915 ","1.2056 ","1.2017 "
09-06-2017,"1.1915 ","1.1903 ","1.1949 ","1.1917 "
09-05-2017,"1.1896 ","1.1870 ","1.1939 ","1.1914 "
09-04-2017,"1.1881 ","1.1875 ","1.1922 ","1.1894 "
09-01-2017,"1.1908 ","1.1853 ","1.1978 ","1.1862 "
08-31-2017,"1.1884 ","1.1823 ","1.1912 ","1.1910 "
08-30-2017,"1.1973 ","1.1881 ","1.1984 ","1.1883 "
08-29-2017,"1.1979 ","1.1952 ","1.2067 ","1.1973 "
08-28-2017,"1.1943 ","1.1917 ","1.1984 ","1.1979 "
08-25-2017,"1.1801 ","1.1774 ","1.1934 ","1.1923 "
08-24-2017,"1.1807 ","1.1785 ","1.1818 ","1.1800 "
08-23-2017,"1.1761 ","1.1743 ","1.1823 ","1.1806 "
08-22-2017,"1.1812 ","1.1747 ","1.1823 ","1.1762 "
08-21-2017,"1.1760 ","1.1734 ","1.1825 ","1.1812 "
08-18-2017,"1.1723 ","1.1709 ","1.1770 ","1.1763 "
08-17-2017,"1.1767 ","1.1665 ","1.1790 ","1.1722 "
08-16-2017,"1.1736 ","1.1684 ","1.1777 ","1.1767 "
08-15-2017,"1.1780 ","1.1690 ","1.1791 ","1.1736 "
08-14-2017,"1.1824 ","1.1772 ","1.1838 ","1.1780 "
08-11-2017,"1.1773 ","1.1749 ","1.1845 ","1.1823 "
08-10-2017,"1.1757 ","1.1705 ","1.1784 ","1.1772 "
08-09-2017,"1.1751 ","1.1692 ","1.1764 ","1.1759 "
08-08-2017,"1.1793 ","1.1718 ","1.1824 ","1.1752 "
08-07-2017,"1.1774 ","1.1771 ","1.1812 ","1.1795 "
08-04-2017,"1.1870 ","1.1735 ","1.1888 ","1.1776 "
08-03-2017,"1.1856 ","1.1831 ","1.1892 ","1.1869 "
08-02-2017,"1.1802 ","1.1795 ","1.1902 ","1.1856 "
08-01-2017,"1.1841 ","1.1791 ","1.1845 ","1.1802 "
07-31-2017,"1.1753 ","1.1724 ","1.1845 ","1.1842 "
07-28-2017,"1.1678 ","1.1672 ","1.1762 ","1.1757 "
07-27-2017,"1.1736 ","1.1651 ","1.1774 ","1.1678 "
07-26-2017,"1.1649 ","1.1615 ","1.1739 ","1.1733 "
07-25-2017,"1.1642 ","1.1631 ","1.1706 ","1.1647 "
07-24-2017,"1.1661 ","1.1630 ","1.1681 ","1.1644 "
07-21-2017,"1.1631 ","1.1620 ","1.1682 ","1.1664 "
07-20-2017,"1.1515 ","1.1481 ","1.1652 ","1.1631 "
07-19-2017,"1.1554 ","1.1512 ","1.1556 ","1.1515 "
07-18-2017,"1.1481 ","1.1472 ","1.1583 ","1.1554 "
07-17-2017,"1.1471 ","1.1437 ","1.1486 ","1.1479 "
07-14-2017,"1.1398 ","1.1392 ","1.1472 ","1.1471 "
07-13-2017,"1.1413 ","1.1373 ","1.1455 ","1.1398 "
07-12-2017,"1.1467 ","1.1396 ","1.1489 ","1.1412 "
07-11-2017,"1.1399 ","1.1383 ","1.1479 ","1.1467 "
07-10-2017,"1.1399 ","1.1382 ","1.1417 ","1.1399 "
07-07-2017,"1.1423 ","1.1381 ","1.1439 ","1.1399 "
07-06-2017,"1.1353 ","1.1330 ","1.1425 ","1.1423 "
07-05-2017,"1.1349 ","1.1314 ","1.1368 ","1.1350 "
07-04-2017,"1.1361 ","1.1338 ","1.1376 ","1.1346 "
07-03-2017,"1.1419 ","1.1355 ","1.1426 ","1.1364 "
06-30-2017,"1.1441 ","1.1393 ","1.1445 ","1.1421 "
06-29-2017,"1.1379 ","1.1375 ","1.1445 ","1.1441 "
06-28-2017,"1.1339 ","1.1298 ","1.1388 ","1.1378 "
06-27-2017,"1.1182 ","1.1179 ","1.1349 ","1.1340 "
06-26-2017,"1.1198 ","1.1172 ","1.1218 ","1.1181 "
06-23-2017,"1.1152 ","1.1146 ","1.1208 ","1.1196 "
06-21-2017,"1.1128 ","1.1128 ","1.1169 ","1.1168 "
06-20-2017,"1.1149 ","1.1119 ","1.1165 ","1.1134 "
06-19-2017,"1.1208 ","1.1145 ","1.1212 ","1.1149 "
06-16-2017,"1.1145 ","1.1140 ","1.1201 ","1.1194 "
06-15-2017,"1.1218 ","1.1132 ","1.1228 ","1.1145 "
06-14-2017,"1.1211 ","1.1195 ","1.1294 ","1.1218 "
06-13-2017,"1.1202 ","1.1186 ","1.1223 ","1.1210 "
06-12-2017,"1.1208 ","1.1195 ","1.1231 ","1.1205 "
06-09-2017,"1.1214 ","1.1167 ","1.1236 ","1.1197 "
06-08-2017,"1.1257 ","1.1197 ","1.1267 ","1.1213 "
06-07-2017,"1.1277 ","1.1205 ","1.1282 ","1.1257 "
06-06-2017,"1.1255 ","1.1241 ","1.1283 ","1.1277 "
06-05-2017,"1.1274 ","1.1237 ","1.1283 ","1.1254 "
06-02-2017,"1.1213 ","1.1206 ","1.1285 ","1.1283 "
06-01-2017,"1.1246 ","1.1204 ","1.1256 ","1.1213 "
05-31-2017,"1.1186 ","1.1166 ","1.1252 ","1.1243 "
05-30-2017,"1.1163 ","1.1110 ","1.1201 ","1.1186 "
05-29-2017,"1.1172 ","1.1162 ","1.1189 ","1.1164 "
05-26-2017,"1.1209 ","1.1163 ","1.1233 ","1.1173 "
05-25-2017,"1.1218 ","1.1194 ","1.1250 ","1.1210 "
05-24-2017,"1.1186 ","1.1169 ","1.1220 ","1.1219 "
05-23-2017,"1.1238 ","1.1175 ","1.1266 ","1.1183 "
05-22-2017,"1.1205 ","1.1162 ","1.1263 ","1.1238 "
05-19-2017,"1.1103 ","1.1098 ","1.1212 ","1.1206 "
05-18-2017,"1.1157 ","1.1078 ","1.1171 ","1.1102 "
05-17-2017,"1.1083 ","1.1081 ","1.1162 ","1.1159 "
05-16-2017,"1.0975 ","1.0975 ","1.1097 ","1.1082 "
05-15-2017,"1.0931 ","1.0923 ","1.0989 ","1.0975 "
05-12-2017,"1.0862 ","1.0858 ","1.0933 ","1.0931 "
05-11-2017,"1.0868 ","1.0840 ","1.0891 ","1.0861 "
05-10-2017,"1.0874 ","1.0854 ","1.0898 ","1.0868 "
05-09-2017,"1.0924 ","1.0864 ","1.0933 ","1.0874 "
05-08-2017,"1.1018 ","1.0918 ","1.1018 ","1.0924 "
05-05-2017,"1.0983 ","1.0954 ","1.0999 ","1.0993 "
05-04-2017,"1.0885 ","1.0876 ","1.0987 ","1.0984 "
05-03-2017,"1.0930 ","1.0883 ","1.0937 ","1.0886 "
05-02-2017,"1.0899 ","1.0888 ","1.0933 ","1.0930 "
05-01-2017,"1.0901 ","1.0884 ","1.0924 ","1.0899 "
04-28-2017,"1.0873 ","1.0857 ","1.0947 ","1.0895 "
04-27-2017,"1.0904 ","1.0852 ","1.0933 ","1.0873 "
04-26-2017,"1.0926 ","1.0856 ","1.0951 ","1.0904 "
04-25-2017,"1.0868 ","1.0851 ","1.0950 ","1.0926 "
04-24-2017,"1.0859 ","1.0821 ","1.0937 ","1.0868 "
04-21-2017,"1.0717 ","1.0682 ","1.0738 ","1.0728 "
04-20-2017,"1.0711 ","1.0709 ","1.0778 ","1.0717 "
04-19-2017,"1.0730 ","1.0700 ","1.0737 ","1.0711 "
04-18-2017,"1.0643 ","1.0637 ","1.0736 ","1.0730 "
04-17-2017,"1.0616 ","1.0603 ","1.0670 ","1.0643 "
04-14-2017,"1.0613 ","1.0606 ","1.0630 ","1.0618 "
04-13-2017,"1.0665 ","1.0609 ","1.0678 ","1.0613 "
04-12-2017,"1.0605 ","1.0589 ","1.0675 ","1.0665 "
04-11-2017,"1.0596 ","1.0579 ","1.0630 ","1.0605 "
04-10-2017,"1.0598 ","1.0570 ","1.0609 ","1.0596 "
04-07-2017,"1.0644 ","1.0581 ","1.0666 ","1.0591 "
04-06-2017,"1.0663 ","1.0629 ","1.0684 ","1.0644 "
04-05-2017,"1.0674 ","1.0635 ","1.0689 ","1.0663 "
04-04-2017,"1.0670 ","1.0636 ","1.0677 ","1.0674 "
04-03-2017,"1.0665 ","1.0643 ","1.0681 ","1.0670 "
03-31-2017,"1.0674 ","1.0652 ","1.0702 ","1.0652 "
03-30-2017,"1.0766 ","1.0672 ","1.0770 ","1.0674 "
03-29-2017,"1.0813 ","1.0740 ","1.0827 ","1.0766 "
03-28-2017,"1.0864 ","1.0799 ","1.0873 ","1.0814 "
03-27-2017,"1.0798 ","1.0795 ","1.0906 ","1.0864 "
03-24-2017,"1.0783 ","1.0760 ","1.0818 ","1.0798 "
03-23-2017,"1.0797 ","1.0768 ","1.0805 ","1.0783 "
03-22-2017,"1.0811 ","1.0776 ","1.0825 ","1.0797 "
03-21-2017,"1.0739 ","1.0719 ","1.0819 ","1.0811 "
03-20-2017,"1.0739 ","1.0725 ","1.0777 ","1.0739 "
03-17-2017,"1.0766 ","1.0728 ","1.0782 ","1.0738 "
03-16-2017,"1.0734 ","1.0706 ","1.0770 ","1.0766 "
03-15-2017,"1.0604 ","1.0603 ","1.0740 ","1.0734 "
03-14-2017,"1.0653 ","1.0600 ","1.0663 ","1.0604 "
03-13-2017,"1.0668 ","1.0652 ","1.0714 ","1.0653 "
03-10-2017,"1.0577 ","1.0573 ","1.0699 ","1.0673 "
03-09-2017,"1.0541 ","1.0525 ","1.0615 ","1.0577 "
03-08-2017,"1.0566 ","1.0535 ","1.0574 ","1.0541 "
03-07-2017,"1.0582 ","1.0558 ","1.0603 ","1.0566 "
03-06-2017,"1.0610 ","1.0575 ","1.0640 ","1.0582 "
03-03-2017,"1.0507 ","1.0502 ","1.0624 ","1.0622 "
03-02-2017,"1.0547 ","1.0495 ","1.0552 ","1.0507 "
03-01-2017,"1.0576 ","1.0514 ","1.0589 ","1.0547 "
02-28-2017,"1.0587 ","1.0570 ","1.0630 ","1.0576 "
02-27-2017,"1.0563 ","1.0552 ","1.0631 ","1.0587 "
02-24-2017,"1.0582 ","1.0557 ","1.0618 ","1.0563 "
02-23-2017,"1.0558 ","1.0538 ","1.0595 ","1.0582 "
02-22-2017,"1.0536 ","1.0494 ","1.0574 ","1.0558 "
02-21-2017,"1.0614 ","1.0526 ","1.0616 ","1.0536 "
02-20-2017,"1.0614 ","1.0602 ","1.0635 ","1.0614 "
02-17-2017,"1.0674 ","1.0605 ","1.0677 ","1.0616 "
02-16-2017,"1.0601 ","1.0591 ","1.0679 ","1.0674 "
02-15-2017,"1.0578 ","1.0521 ","1.0609 ","1.0601 "
02-14-2017,"1.0598 ","1.0561 ","1.0633 ","1.0578 "
02-13-2017,"1.0637 ","1.0592 ","1.0658 ","1.0598 "
02-10-2017,"1.0655 ","1.0608 ","1.0668 ","1.0643 "
02-09-2017,"1.0698 ","1.0651 ","1.0710 ","1.0655 "
02-08-2017,"1.0683 ","1.0641 ","1.0714 ","1.0698 "
02-07-2017,"1.0750 ","1.0656 ","1.0750 ","1.0683 "
02-06-2017,"1.0783 ","1.0706 ","1.0802 ","1.0750 "
02-03-2017,"1.0759 ","1.0713 ","1.0798 ","1.0783 "
02-02-2017,"1.0769 ","1.0756 ","1.0829 ","1.0759 "
02-01-2017,"1.0798 ","1.0732 ","1.0807 ","1.0769 "
01-31-2017,"1.0695 ","1.0685 ","1.0812 ","1.0798 "
01-30-2017,"1.0693 ","1.0620 ","1.0740 ","1.0695 "
01-27-2017,"1.0682 ","1.0658 ","1.0725 ","1.0699 "
01-26-2017,"1.0748 ","1.0658 ","1.0766 ","1.0682 "
01-25-2017,"1.0731 ","1.0711 ","1.0770 ","1.0748 "
01-24-2017,"1.0765 ","1.0720 ","1.0775 ","1.0731 "
01-23-2017,"1.0695 ","1.0686 ","1.0769 ","1.0765 "
01-20-2017,"1.0664 ","1.0625 ","1.0710 ","1.0703 "
01-19-2017,"1.0630 ","1.0589 ","1.0677 ","1.0664 "
01-18-2017,"1.0713 ","1.0629 ","1.0715 ","1.0630 "
01-17-2017,"1.0601 ","1.0598 ","1.0719 ","1.0713 "
01-16-2017,"1.0617 ","1.0580 ","1.0636 ","1.0601 "
01-13-2017,"1.0613 ","1.0596 ","1.0673 ","1.0643 "
01-12-2017,"1.0582 ","1.0572 ","1.0685 ","1.0613 "
01-11-2017,"1.0554 ","1.0454 ","1.0623 ","1.0582 "
01-10-2017,"1.0574 ","1.0551 ","1.0627 ","1.0554 "
01-09-2017,"1.0541 ","1.0511 ","1.0583 ","1.0574 "
01-06-2017,"1.0607 ","1.0525 ","1.0620 ","1.0532 "
01-05-2017,"1.0489 ","1.0481 ","1.0615 ","1.0607 "
01-04-2017,"1.0405 ","1.0390 ","1.0500 ","1.0489 "
01-03-2017,"1.0455 ","1.0341 ","1.0490 ","1.0405 "
01-02-2017,"1.0520 ","1.0451 ","1.0534 ","1.0455 "
12-30-2016,"1.0490 ","1.0485 ","1.0653 ","1.0517 "
12-29-2016,"1.0413 ","1.0409 ","1.0494 ","1.0490 "
12-28-2016,"1.0457 ","1.0372 ","1.0480 ","1.0413 "
12-27-2016,"1.0455 ","1.0433 ","1.0463 ","1.0457 "
12-26-2016,"1.0459 ","1.0441 ","1.0468 ","1.0455 "
12-23-2016,"1.0437 ","1.0427 ","1.0469 ","1.0456 "
12-22-2016,"1.0424 ","1.0424 ","1.0499 ","1.0437 "
12-21-2016,"1.0388 ","1.0383 ","1.0451 ","1.0424 "
12-20-2016,"1.0402 ","1.0352 ","1.0418 ","1.0388 "
12-19-2016,"1.0446 ","1.0393 ","1.0480 ","1.0402 "
12-16-2016,"1.0414 ","1.0401 ","1.0474 ","1.0451 "
12-15-2016,"1.0536 ","1.0367 ","1.0539 ","1.0414 "
12-14-2016,"1.0626 ","1.0497 ","1.0670 ","1.0536 "
12-13-2016,"1.0635 ","1.0604 ","1.0667 ","1.0626 "
12-12-2016,"1.0546 ","1.0520 ","1.0652 ","1.0635 "
12-09-2016,"1.0615 ","1.0531 ","1.0630 ","1.0561 "
12-08-2016,"1.0753 ","1.0598 ","1.0874 ","1.0615 "
12-07-2016,"1.0718 ","1.0710 ","1.0768 ","1.0753 "
12-06-2016,"1.0764 ","1.0698 ","1.0785 ","1.0718 "
12-05-2016,"1.0671 ","1.0506 ","1.0796 ","1.0764 "
12-02-2016,"1.0661 ","1.0626 ","1.0690 ","1.0664 "
12-01-2016,"1.0589 ","1.0585 ","1.0669 ","1.0661 "
11-30-2016,"1.0650 ","1.0553 ","1.0667 ","1.0589 "
11-29-2016,"1.0614 ","1.0565 ","1.0654 ","1.0650 "
11-28-2016,"1.0599 ","1.0564 ","1.0686 ","1.0614 "
11-25-2016,"1.0554 ","1.0539 ","1.0627 ","1.0589 "
11-24-2016,"1.0553 ","1.0518 ","1.0585 ","1.0554 "
11-23-2016,"1.0627 ","1.0526 ","1.0644 ","1.0553 "
11-22-2016,"1.0629 ","1.0584 ","1.0658 ","1.0627 "
11-21-2016,"1.0593 ","1.0579 ","1.0649 ","1.0630 "
11-18-2016,"1.0626 ","1.0569 ","1.0643 ","1.0588 "
11-17-2016,"1.0691 ","1.0620 ","1.0746 ","1.0626 "
11-16-2016,"1.0722 ","1.0666 ","1.0760 ","1.0691 "
11-15-2016,"1.0737 ","1.0714 ","1.0816 ","1.0722 "
11-14-2016,"1.0851 ","1.0709 ","1.0853 ","1.0737 "
11-11-2016,"1.0893 ","1.0830 ","1.0923 ","1.0855 "
11-10-2016,"1.0910 ","1.0865 ","1.0954 ","1.0893 "
11-09-2016,"1.1026 ","1.0907 ","1.1300 ","1.0910 "
11-08-2016,"1.1041 ","1.1009 ","1.1067 ","1.1026 "
11-07-2016,"1.1137 ","1.1028 ","1.1145 ","1.1041 "
11-04-2016,"1.1105 ","1.1080 ","1.1142 ","1.1141 "
11-03-2016,"1.1098 ","1.1060 ","1.1126 ","1.1105 "
11-02-2016,"1.1055 ","1.1050 ","1.1123 ","1.1098 "
11-01-2016,"1.0981 ","1.0960 ","1.1069 ","1.1055 "
10-31-2016,"1.0975 ","1.0936 ","1.0995 ","1.0981 "
10-28-2016,"1.0897 ","1.0893 ","1.0992 ","1.0985 "
10-27-2016,"1.0908 ","1.0883 ","1.0942 ","1.0897 "
10-26-2016,"1.0889 ","1.0875 ","1.0946 ","1.0908 "
10-25-2016,"1.0882 ","1.0851 ","1.0905 ","1.0889 "
10-24-2016,"1.0879 ","1.0860 ","1.0900 ","1.0882 "
10-21-2016,"1.0929 ","1.0859 ","1.0930 ","1.0884 "
10-20-2016,"1.0974 ","1.0916 ","1.1039 ","1.0929 "
10-19-2016,"1.0981 ","1.0955 ","1.1005 ","1.0974 "
10-18-2016,"1.1000 ","1.0970 ","1.1026 ","1.0981 "
10-17-2016,"1.0979 ","1.0964 ","1.1008 ","1.1000 "
10-14-2016,"1.1056 ","1.0971 ","1.1058 ","1.0972 "
10-13-2016,"1.1007 ","1.0985 ","1.1058 ","1.1056 "
10-12-2016,"1.1054 ","1.1005 ","1.1068 ","1.1007 "
10-11-2016,"1.1139 ","1.1049 ","1.1142 ","1.1054 "
10-10-2016,"1.1194 ","1.1132 ","1.1210 ","1.1139 "
10-07-2016,"1.1151 ","1.1104 ","1.1205 ","1.1201 "
10-06-2016,"1.1205 ","1.1140 ","1.1213 ","1.1151 "
10-05-2016,"1.1204 ","1.1190 ","1.1233 ","1.1205 "
10-04-2016,"1.1211 ","1.1138 ","1.1239 ","1.1204 "
10-03-2016,"1.1236 ","1.1205 ","1.1244 ","1.1211 "
09-30-2016,"1.1222 ","1.1153 ","1.1251 ","1.1235 "
09-29-2016,"1.1217 ","1.1197 ","1.1250 ","1.1222 "
09-28-2016,"1.1214 ","1.1182 ","1.1237 ","1.1217 "
09-27-2016,"1.1254 ","1.1191 ","1.1259 ","1.1215 "
09-26-2016,"1.1232 ","1.1221 ","1.1279 ","1.1254 "
09-23-2016,"1.1208 ","1.1194 ","1.1241 ","1.1226 "
09-22-2016,"1.1189 ","1.1185 ","1.1257 ","1.1208 "
09-21-2016,"1.1151 ","1.1123 ","1.1197 ","1.1189 "
09-20-2016,"1.1175 ","1.1150 ","1.1213 ","1.1151 "
09-19-2016,"1.1165 ","1.1149 ","1.1198 ","1.1175 "
09-16-2016,"1.1244 ","1.1150 ","1.1250 ","1.1155 "
09-15-2016,"1.1250 ","1.1219 ","1.1284 ","1.1244 "
09-14-2016,"1.1220 ","1.1211 ","1.1274 ","1.1250 "
09-13-2016,"1.1235 ","1.1204 ","1.1260 ","1.1220 "
09-12-2016,"1.1231 ","1.1211 ","1.1268 ","1.1235 "
09-09-2016,"1.1260 ","1.1199 ","1.1285 ","1.1233 "
09-08-2016,"1.1239 ","1.1235 ","1.1327 ","1.1260 "
09-07-2016,"1.1255 ","1.1229 ","1.1271 ","1.1239 "
09-06-2016,"1.1147 ","1.1141 ","1.1263 ","1.1255 "
09-05-2016,"1.1152 ","1.1139 ","1.1182 ","1.1147 "
09-02-2016,"1.1197 ","1.1151 ","1.1252 ","1.1156 "
09-01-2016,"1.1158 ","1.1128 ","1.1205 ","1.1197 "
08-31-2016,"1.1143 ","1.1123 ","1.1165 ","1.1158 "
08-30-2016,"1.1189 ","1.1132 ","1.1192 ","1.1143 "
08-29-2016,"1.1196 ","1.1158 ","1.1208 ","1.1189 "
08-26-2016,"1.1285 ","1.1181 ","1.1341 ","1.1198 "
08-25-2016,"1.1264 ","1.1259 ","1.1298 ","1.1285 "
08-24-2016,"1.1305 ","1.1245 ","1.1312 ","1.1264 "
08-23-2016,"1.1320 ","1.1303 ","1.1355 ","1.1305 "
08-22-2016,"1.1304 ","1.1271 ","1.1334 ","1.1320 "
08-19-2016,"1.1354 ","1.1304 ","1.1360 ","1.1325 "
08-18-2016,"1.1289 ","1.1286 ","1.1366 ","1.1354 "
08-17-2016,"1.1279 ","1.1242 ","1.1316 ","1.1289 "
08-16-2016,"1.1184 ","1.1178 ","1.1323 ","1.1279 "
08-15-2016,"1.1168 ","1.1154 ","1.1204 ","1.1184 "
08-12-2016,"1.1137 ","1.1131 ","1.1221 ","1.1162 "
08-11-2016,"1.1176 ","1.1136 ","1.1192 ","1.1137 "
08-10-2016,"1.1117 ","1.1113 ","1.1190 ","1.1176 "
08-09-2016,"1.1088 ","1.1071 ","1.1123 ","1.1117 "
08-08-2016,"1.1088 ","1.1072 ","1.1105 ","1.1088 "
08-05-2016,"1.1130 ","1.1046 ","1.1161 ","1.1086 "
08-04-2016,"1.1149 ","1.1114 ","1.1156 ","1.1130 "
08-03-2016,"1.1224 ","1.1141 ","1.1227 ","1.1149 "
08-02-2016,"1.1163 ","1.1159 ","1.1234 ","1.1224 "
08-01-2016,"1.1177 ","1.1155 ","1.1184 ","1.1163 "
07-29-2016,"1.1077 ","1.1073 ","1.1197 ","1.1174 "
07-28-2016,"1.1059 ","1.1053 ","1.1119 ","1.1077 "
07-27-2016,"1.0986 ","1.0961 ","1.1065 ","1.1058 "
07-26-2016,"1.0995 ","1.0978 ","1.1030 ","1.0986 "
07-25-2016,"1.0970 ","1.0952 ","1.0999 ","1.0995 "
07-22-2016,"1.1026 ","1.0956 ","1.1041 ","1.0977 "
07-21-2016,"1.1015 ","1.0980 ","1.1060 ","1.1026 "
07-20-2016,"1.1021 ","1.0982 ","1.1030 ","1.1015 "
07-19-2016,"1.1075 ","1.1000 ","1.1081 ","1.1021 "
07-18-2016,"1.1043 ","1.1038 ","1.1084 ","1.1075 "
07-15-2016,"1.1120 ","1.1025 ","1.1149 ","1.1035 "
07-14-2016,"1.1090 ","1.1088 ","1.1165 ","1.1120 "
07-13-2016,"1.1061 ","1.1042 ","1.1120 ","1.1090 "
07-12-2016,"1.1058 ","1.1052 ","1.1126 ","1.1061 "
07-11-2016,"1.1051 ","1.1016 ","1.1075 ","1.1058 "
07-08-2016,"1.1063 ","1.1002 ","1.1120 ","1.1051 "
07-07-2016,"1.1100 ","1.1053 ","1.1107 ","1.1063 "
07-06-2016,"1.1076 ","1.1029 ","1.1112 ","1.1100 "
07-05-2016,"1.1154 ","1.1062 ","1.1186 ","1.1076 "
07-04-2016,"1.1143 ","1.1098 ","1.1160 ","1.1154 "
07-01-2016,"1.1106 ","1.1072 ","1.1169 ","1.1136 "
06-30-2016,"1.1125 ","1.1024 ","1.1155 ","1.1106 "
06-29-2016,"1.1065 ","1.1049 ","1.1130 ","1.1125 "
06-28-2016,"1.1025 ","1.1010 ","1.1112 ","1.1065 "
06-27-2016,"1.1072 ","1.0971 ","1.1084 ","1.1025 "
06-24-2016,"1.1385 ","1.0913 ","1.1428 ","1.1117 "
06-23-2016,"1.1296 ","1.1296 ","1.1421 ","1.1385 "
06-22-2016,"1.1242 ","1.1237 ","1.1338 ","1.1296 "
06-21-2016,"1.1314 ","1.1242 ","1.1350 ","1.1242 "
06-20-2016,"1.1281 ","1.1281 ","1.1382 ","1.1314 "
06-17-2016,"1.1225 ","1.1223 ","1.1296 ","1.1277 "
06-16-2016,"1.1260 ","1.1131 ","1.1295 ","1.1225 "
06-15-2016,"1.1207 ","1.1190 ","1.1298 ","1.1260 "
06-14-2016,"1.1292 ","1.1189 ","1.1298 ","1.1207 "
06-13-2016,"1.1260 ","1.1232 ","1.1303 ","1.1292 "
06-10-2016,"1.1316 ","1.1246 ","1.1321 ","1.1251 "
06-09-2016,"1.1395 ","1.1306 ","1.1416 ","1.1316 "
06-08-2016,"1.1358 ","1.1355 ","1.1411 ","1.1395 "
06-07-2016,"1.1355 ","1.1339 ","1.1381 ","1.1358 "
06-06-2016,"1.1351 ","1.1326 ","1.1393 ","1.1355 "
06-03-2016,"1.1151 ","1.1137 ","1.1374 ","1.1367 "
06-02-2016,"1.1188 ","1.1145 ","1.1220 ","1.1151 "
06-01-2016,"1.1132 ","1.1114 ","1.1194 ","1.1188 "
05-31-2016,"1.1138 ","1.1122 ","1.1173 ","1.1132 "
05-30-2016,"1.1117 ","1.1098 ","1.1145 ","1.1138 "
05-27-2016,"1.1194 ","1.1111 ","1.1201 ","1.1115 "
05-26-2016,"1.1155 ","1.1150 ","1.1217 ","1.1194 "
05-25-2016,"1.1141 ","1.1129 ","1.1167 ","1.1155 "
05-24-2016,"1.1220 ","1.1133 ","1.1227 ","1.1141 "
05-23-2016,"1.1217 ","1.1188 ","1.1243 ","1.1220 "
05-20-2016,"1.1203 ","1.1196 ","1.1237 ","1.1224 "
05-19-2016,"1.1216 ","1.1180 ","1.1230 ","1.1203 "
05-18-2016,"1.1313 ","1.1214 ","1.1316 ","1.1216 "
05-17-2016,"1.1321 ","1.1302 ","1.1349 ","1.1313 "
05-16-2016,"1.1307 ","1.1302 ","1.1342 ","1.1321 "
05-13-2016,"1.1377 ","1.1283 ","1.1380 ","1.1309 "
05-12-2016,"1.1426 ","1.1371 ","1.1429 ","1.1377 "
05-11-2016,"1.1372 ","1.1369 ","1.1447 ","1.1426 "
05-10-2016,"1.1383 ","1.1359 ","1.1410 ","1.1372 "
05-09-2016,"1.1402 ","1.1376 ","1.1420 ","1.1383 "
05-06-2016,"1.1405 ","1.1387 ","1.1479 ","1.1404 "
05-05-2016,"1.1487 ","1.1386 ","1.1494 ","1.1405 "
05-04-2016,"1.1496 ","1.1467 ","1.1529 ","1.1487 "
05-03-2016,"1.1534 ","1.1496 ","1.1616 ","1.1496 "
05-02-2016,"1.1449 ","1.1431 ","1.1536 ","1.1534 "
04-29-2016,"1.1352 ","1.1348 ","1.1459 ","1.1451 "
04-28-2016,"1.1322 ","1.1296 ","1.1368 ","1.1352 "
04-27-2016,"1.1298 ","1.1272 ","1.1362 ","1.1322 "
04-26-2016,"1.1268 ","1.1256 ","1.1340 ","1.1297 "
04-25-2016,"1.1235 ","1.1217 ","1.1278 ","1.1268 "
04-22-2016,"1.1288 ","1.1218 ","1.1309 ","1.1222 "
04-21-2016,"1.1297 ","1.1270 ","1.1398 ","1.1288 "
04-20-2016,"1.1358 ","1.1291 ","1.1388 ","1.1297 "
04-19-2016,"1.1313 ","1.1304 ","1.1385 ","1.1358 "
04-18-2016,"1.1309 ","1.1274 ","1.1332 ","1.1313 "
04-15-2016,"1.1268 ","1.1246 ","1.1317 ","1.1284 "
04-14-2016,"1.1274 ","1.1234 ","1.1295 ","1.1268 "
04-13-2016,"1.1386 ","1.1268 ","1.1391 ","1.1274 "
04-12-2016,"1.1408 ","1.1346 ","1.1465 ","1.1386 "
04-11-2016,"1.1400 ","1.1372 ","1.1447 ","1.1408 "
04-08-2016,"1.1378 ","1.1349 ","1.1419 ","1.1399 "
04-07-2016,"1.1399 ","1.1338 ","1.1454 ","1.1378 "
04-06-2016,"1.1384 ","1.1327 ","1.1432 ","1.1399 "
04-05-2016,"1.1391 ","1.1336 ","1.1405 ","1.1384 "
04-04-2016,"1.1393 ","1.1358 ","1.1413 ","1.1391 "
04-01-2016,"1.1380 ","1.1335 ","1.1438 ","1.1391 "
03-31-2016,"1.1338 ","1.1310 ","1.1412 ","1.1380 "
03-30-2016,"1.1291 ","1.1284 ","1.1365 ","1.1338 "
03-29-2016,"1.1196 ","1.1169 ","1.1303 ","1.1291 "
03-28-2016,"1.1164 ","1.1153 ","1.1220 ","1.1196 "
03-25-2016,"1.1175 ","1.1154 ","1.1181 ","1.1167 "
03-24-2016,"1.1181 ","1.1144 ","1.1188 ","1.1174 "
03-23-2016,"1.1217 ","1.1160 ","1.1224 ","1.1181 "
03-22-2016,"1.1241 ","1.1189 ","1.1260 ","1.1217 "
03-21-2016,"1.1273 ","1.1235 ","1.1288 ","1.1241 "
03-18-2016,"1.1318 ","1.1256 ","1.1337 ","1.1270 "
03-17-2016,"1.1224 ","1.1206 ","1.1342 ","1.1318 "
03-16-2016,"1.1109 ","1.1058 ","1.1242 ","1.1224 "
03-15-2016,"1.1103 ","1.1072 ","1.1125 ","1.1109 "
03-14-2016,"1.1151 ","1.1078 ","1.1176 ","1.1103 "
03-11-2016,"1.1178 ","1.1080 ","1.1210 ","1.1156 "
03-10-2016,"1.0999 ","1.0822 ","1.1218 ","1.1177 "
03-09-2016,"1.1011 ","1.0946 ","1.1035 ","1.0999 "
03-08-2016,"1.1014 ","1.0994 ","1.1058 ","1.1011 "
03-07-2016,"1.1010 ","1.0940 ","1.1026 ","1.1014 "
03-04-2016,"1.0957 ","1.0904 ","1.1043 ","1.1005 "
03-03-2016,"1.0868 ","1.0854 ","1.0973 ","1.0957 "
03-02-2016,"1.0868 ","1.0826 ","1.0881 ","1.0868 "
03-01-2016,"1.0873 ","1.0834 ","1.0894 ","1.0868 "
02-29-2016,"1.0932 ","1.0859 ","1.0963 ","1.0873 "
02-26-2016,"1.1018 ","1.0912 ","1.1068 ","1.0934 "
02-25-2016,"1.1013 ","1.0987 ","1.1050 ","1.1018 "
02-24-2016,"1.1020 ","1.0957 ","1.1046 ","1.1013 "
02-23-2016,"1.1030 ","1.0990 ","1.1053 ","1.1020 "
02-22-2016,"1.1124 ","1.1003 ","1.1135 ","1.1030 "
02-19-2016,"1.1107 ","1.1067 ","1.1139 ","1.1130 "
02-18-2016,"1.1128 ","1.1071 ","1.1150 ","1.1107 "
02-17-2016,"1.1144 ","1.1106 ","1.1179 ","1.1128 "
02-16-2016,"1.1156 ","1.1124 ","1.1193 ","1.1144 "
02-15-2016,"1.1261 ","1.1128 ","1.1261 ","1.1156 "
02-12-2016,"1.1323 ","1.1214 ","1.1334 ","1.1256 "
02-11-2016,"1.1292 ","1.1274 ","1.1376 ","1.1323 "
02-10-2016,"1.1293 ","1.1161 ","1.1311 ","1.1292 "
02-09-2016,"1.1193 ","1.1162 ","1.1338 ","1.1293 "
02-08-2016,"1.1158 ","1.1087 ","1.1216 ","1.1193 "
02-05-2016,"1.1209 ","1.1109 ","1.1246 ","1.1158 "
02-04-2016,"1.1105 ","1.1070 ","1.1239 ","1.1209 "
02-03-2016,"1.0919 ","1.0904 ","1.1146 ","1.1105 "
02-02-2016,"1.0888 ","1.0886 ","1.0940 ","1.0919 "
02-01-2016,"1.0834 ","1.0815 ","1.0913 ","1.0888 "
01-29-2016,"1.0940 ","1.0810 ","1.0949 ","1.0831 "
01-28-2016,"1.0893 ","1.0870 ","1.0968 ","1.0940 "
01-27-2016,"1.0870 ","1.0851 ","1.0917 ","1.0893 "
01-26-2016,"1.0849 ","1.0819 ","1.0874 ","1.0870 "
01-25-2016,"1.0800 ","1.0790 ","1.0857 ","1.0849 "
01-22-2016,"1.0874 ","1.0789 ","1.0877 ","1.0796 "
01-21-2016,"1.0890 ","1.0778 ","1.0921 ","1.0874 "
01-20-2016,"1.0908 ","1.0877 ","1.0976 ","1.0890 "
01-19-2016,"1.0892 ","1.0860 ","1.0939 ","1.0908 "
01-18-2016,"1.0919 ","1.0869 ","1.0942 ","1.0892 "
01-15-2016,"1.0865 ","1.0855 ","1.0985 ","1.0916 "
01-14-2016,"1.0877 ","1.0835 ","1.0943 ","1.0865 "
01-13-2016,"1.0858 ","1.0805 ","1.0888 ","1.0877 "
01-12-2016,"1.0859 ","1.0820 ","1.0900 ","1.0858 "
01-11-2016,"1.0909 ","1.0848 ","1.0970 ","1.0859 "
01-08-2016,"1.0932 ","1.0803 ","1.0934 ","1.0922 "
01-07-2016,"1.0781 ","1.0771 ","1.0940 ","1.0932 "
01-06-2016,"1.0748 ","1.0716 ","1.0799 ","1.0781 "
01-05-2016,"1.0831 ","1.0711 ","1.0839 ","1.0748 "
01-04-2016,"1.0858 ","1.0781 ","1.0946 ","1.0831 "
01-01-2016,"1.0862 ","1.0854 ","1.0867 ","1.0856 "
12-31-2015,"1.0933 ","1.0853 ","1.0937 ","1.0862 "
12-30-2015,"1.0920 ","1.0902 ","1.0944 ","1.0933 "
12-29-2015,"1.0968 ","1.0899 ","1.0992 ","1.0920 "
12-28-2015,"1.0952 ","1.0946 ","1.0993 ","1.0968 "
12-25-2015,"1.0964 ","1.0919 ","1.1004 ","1.0960 "
12-24-2015,"1.0912 ","1.0904 ","1.0967 ","1.0963 "
12-23-2015,"1.0957 ","1.0870 ","1.0957 ","1.0912 "
12-22-2015,"1.0915 ","1.0902 ","1.0984 ","1.0957 "
12-21-2015,"1.0858 ","1.0848 ","1.0939 ","1.0915 "
12-18-2015,"1.0826 ","1.0805 ","1.0875 ","1.0868 "
12-17-2015,"1.0912 ","1.0803 ","1.0914 ","1.0826 "
12-16-2015,"1.0931 ","1.0888 ","1.1011 ","1.0912 "
12-15-2015,"1.0992 ","1.0905 ","1.1060 ","1.0931 "
12-14-2015,"1.0985 ","1.0946 ","1.1049 ","1.0992 "
12-11-2015,"1.0941 ","1.0927 ","1.1031 ","1.0986 "
12-10-2015,"1.1025 ","1.0925 ","1.1025 ","1.0941 "
12-09-2015,"1.0892 ","1.0879 ","1.1043 ","1.1025 "
12-08-2015,"1.0837 ","1.0830 ","1.0903 ","1.0892 "
12-07-2015,"1.0872 ","1.0796 ","1.0887 ","1.0837 "
12-04-2015,"1.0940 ","1.0836 ","1.0956 ","1.0881 "
12-03-2015,"1.0615 ","1.0524 ","1.0981 ","1.0940 "
12-02-2015,"1.0633 ","1.0551 ","1.0636 ","1.0615 "
12-01-2015,"1.0565 ","1.0563 ","1.0637 ","1.0633 "
11-30-2015,"1.0592 ","1.0558 ","1.0597 ","1.0565 "
11-27-2015,"1.0610 ","1.0569 ","1.0638 ","1.0593 "
11-26-2015,"1.0624 ","1.0600 ","1.0627 ","1.0610 "
11-25-2015,"1.0643 ","1.0566 ","1.0689 ","1.0624 "
11-24-2015,"1.0636 ","1.0620 ","1.0673 ","1.0643 "
11-23-2015,"1.0646 ","1.0593 ","1.0657 ","1.0636 "
11-20-2015,"1.0734 ","1.0640 ","1.0739 ","1.0646 "
11-19-2015,"1.0660 ","1.0656 ","1.0763 ","1.0734 "
11-18-2015,"1.0642 ","1.0617 ","1.0692 ","1.0660 "
11-17-2015,"1.0686 ","1.0631 ","1.0691 ","1.0642 "
11-16-2015,"1.0752 ","1.0675 ","1.0779 ","1.0686 "
11-13-2015,"1.0814 ","1.0714 ","1.0817 ","1.0773 "
11-12-2015,"1.0743 ","1.0691 ","1.0830 ","1.0814 "
11-11-2015,"1.0724 ","1.0706 ","1.0774 ","1.0743 "
11-10-2015,"1.0752 ","1.0675 ","1.0764 ","1.0724 "
11-09-2015,"1.0735 ","1.0720 ","1.0790 ","1.0752 "
11-06-2015,"1.0884 ","1.0707 ","1.0894 ","1.0741 "
11-05-2015,"1.0866 ","1.0834 ","1.0897 ","1.0884 "
11-04-2015,"1.0964 ","1.0844 ","1.0968 ","1.0866 "
11-03-2015,"1.1016 ","1.0936 ","1.1030 ","1.0964 "
11-02-2015,"1.1015 ","1.1000 ","1.1053 ","1.1016 "
10-30-2015,"1.0977 ","1.0966 ","1.1072 ","1.1006 "
10-29-2015,"1.0923 ","1.0903 ","1.0986 ","1.0977 "
10-28-2015,"1.1051 ","1.0897 ","1.1096 ","1.0923 "
10-27-2015,"1.1058 ","1.1030 ","1.1079 ","1.1051 "
10-26-2015,"1.1009 ","1.0989 ","1.1068 ","1.1058 "
10-23-2015,"1.1109 ","1.0997 ","1.1140 ","1.1018 "
10-22-2015,"1.1339 ","1.1100 ","1.1351 ","1.1109 "
10-21-2015,"1.1346 ","1.1334 ","1.1378 ","1.1339 "
10-20-2015,"1.1327 ","1.1324 ","1.1387 ","1.1346 "
10-19-2015,"1.1353 ","1.1306 ","1.1379 ","1.1327 "
10-16-2015,"1.1386 ","1.1335 ","1.1396 ","1.1348 "
10-15-2015,"1.1474 ","1.1363 ","1.1495 ","1.1386 "
10-14-2015,"1.1379 ","1.1378 ","1.1489 ","1.1474 "
10-13-2015,"1.1358 ","1.1345 ","1.1411 ","1.1379 "
10-12-2015,"1.1360 ","1.1353 ","1.1397 ","1.1358 "
10-09-2015,"1.1276 ","1.1267 ","1.1387 ","1.1358 "
10-08-2015,"1.1237 ","1.1235 ","1.1327 ","1.1276 "
10-07-2015,"1.1272 ","1.1212 ","1.1284 ","1.1237 "
10-06-2015,"1.1188 ","1.1172 ","1.1280 ","1.1272 "
10-05-2015,"1.1220 ","1.1174 ","1.1289 ","1.1188 "
10-02-2015,"1.1195 ","1.1151 ","1.1319 ","1.1216 "
10-01-2015,"1.1177 ","1.1135 ","1.1209 ","1.1195 "
09-30-2015,"1.1249 ","1.1157 ","1.1261 ","1.1177 "
09-29-2015,"1.1244 ","1.1194 ","1.1281 ","1.1249 "
09-28-2015,"1.1196 ","1.1147 ","1.1248 ","1.1244 "
09-25-2015,"1.1230 ","1.1116 ","1.1231 ","1.1195 "
09-24-2015,"1.1186 ","1.1165 ","1.1296 ","1.1230 "
09-23-2015,"1.1120 ","1.1105 ","1.1214 ","1.1186 "
09-22-2015,"1.1190 ","1.1114 ","1.1208 ","1.1120 "
09-21-2015,"1.1301 ","1.1181 ","1.1330 ","1.1190 "
09-18-2015,"1.1435 ","1.1270 ","1.1460 ","1.1298 "
09-17-2015,"1.1290 ","1.1285 ","1.1441 ","1.1435 "
09-16-2015,"1.1269 ","1.1214 ","1.1321 ","1.1290 "
09-15-2015,"1.1317 ","1.1259 ","1.1329 ","1.1269 "
09-14-2015,"1.1338 ","1.1284 ","1.1373 ","1.1317 "
09-11-2015,"1.1280 ","1.1254 ","1.1350 ","1.1338 "
09-10-2015,"1.1207 ","1.1172 ","1.1295 ","1.1280 "
09-09-2015,"1.1203 ","1.1132 ","1.1216 ","1.1207 "
09-08-2015,"1.1170 ","1.1153 ","1.1230 ","1.1203 "
09-07-2015,"1.1160 ","1.1122 ","1.1178 ","1.1170 "
09-04-2015,"1.1123 ","1.1090 ","1.1189 ","1.1149 "
09-03-2015,"1.1227 ","1.1087 ","1.1244 ","1.1123 "
09-02-2015,"1.1315 ","1.1217 ","1.1319 ","1.1227 "
09-01-2015,"1.1211 ","1.1208 ","1.1332 ","1.1315 "
08-31-2015,"1.1177 ","1.1161 ","1.1262 ","1.1211 "
08-28-2015,"1.1246 ","1.1156 ","1.1310 ","1.1185 "
08-27-2015,"1.1314 ","1.1203 ","1.1364 ","1.1246 "
08-26-2015,"1.1517 ","1.1292 ","1.1561 ","1.1314 "
08-25-2015,"1.1619 ","1.1397 ","1.1623 ","1.1517 "
08-24-2015,"1.1370 ","1.1365 ","1.1714 ","1.1619 "
08-21-2015,"1.1241 ","1.1230 ","1.1389 ","1.1386 "
08-20-2015,"1.1120 ","1.1107 ","1.1245 ","1.1242 "
08-19-2015,"1.1024 ","1.1018 ","1.1134 ","1.1120 "
08-18-2015,"1.1078 ","1.1017 ","1.1094 ","1.1024 "
08-17-2015,"1.1108 ","1.1059 ","1.1125 ","1.1078 "
08-14-2015,"1.1150 ","1.1098 ","1.1189 ","1.1109 "
08-13-2015,"1.1159 ","1.1080 ","1.1189 ","1.1150 "
08-12-2015,"1.1042 ","1.1025 ","1.1214 ","1.1159 "
08-11-2015,"1.1019 ","1.0961 ","1.1088 ","1.1042 "
08-10-2015,"1.0972 ","1.0925 ","1.1042 ","1.1019 "
08-07-2015,"1.0925 ","1.0856 ","1.0978 ","1.0967 "
08-06-2015,"1.0906 ","1.0874 ","1.0944 ","1.0925 "
08-05-2015,"1.0881 ","1.0848 ","1.0934 ","1.0906 "
08-04-2015,"1.0950 ","1.0879 ","1.0988 ","1.0881 "
08-03-2015,"1.0973 ","1.0941 ","1.0996 ","1.0950 "
07-31-2015,"1.0932 ","1.0921 ","1.1114 ","1.0984 "
07-30-2015,"1.0984 ","1.0893 ","1.0989 ","1.0932 "
07-29-2015,"1.1060 ","1.0967 ","1.1084 ","1.0984 "
07-28-2015,"1.1088 ","1.1022 ","1.1100 ","1.1060 "
07-27-2015,"1.0970 ","1.0969 ","1.1129 ","1.1088 "
07-24-2015,"1.0985 ","1.0925 ","1.0996 ","1.0984 "
07-23-2015,"1.0929 ","1.0922 ","1.1018 ","1.0984 "
07-22-2015,"1.0935 ","1.0870 ","1.0967 ","1.0929 "
07-21-2015,"1.0825 ","1.0812 ","1.0969 ","1.0935 "
07-20-2015,"1.0835 ","1.0809 ","1.0870 ","1.0825 "
07-17-2015,"1.0875 ","1.0829 ","1.0907 ","1.0830 "
07-16-2015,"1.0949 ","1.0856 ","1.0963 ","1.0875 "
07-15-2015,"1.1009 ","1.0930 ","1.1036 ","1.0950 "
07-14-2015,"1.1002 ","1.0966 ","1.1083 ","1.1009 "
07-13-2015,"1.1099 ","1.0996 ","1.1197 ","1.1002 "
07-10-2015,"1.1036 ","1.1031 ","1.1216 ","1.1162 "
07-09-2015,"1.1076 ","1.0992 ","1.1125 ","1.1036 "
07-08-2015,"1.1011 ","1.0974 ","1.1093 ","1.1077 "